knowledge_id,source_type,category,subcategory,entity,title,description,details,location,school_department,program,eligibility,fees,contact,source_id,source_url,source_page,original_record_id,verification_status,notes,entity_group
KN-0001,website,About,Overview,Mahindra University overview,Mahindra University overview,"Mahindra University blends academic rigour, research and global exposure. Tagline on the site: 'Global Thinkers. Engaged Leaders.'","The About page describes re-imagining growth-oriented education to empower global thinkers and engaged leaders through experiential learning, interdisciplinary research and real-world impact. Campus is described as a green campus in Hyderabad with the spirit of 'Accepting No Limits'.","Mahindra University, Survey No: 62/1A, Bahadurpally, Jeedimetla, Hyderabad - 500043, Telangana, India",,,,,,SRC-W-01,https://www.mahindrauniversity.edu.in/about-us/,About Us - Mahindra University (MU),MU-001,,,
KN-0002,website,About,Overview,University at a glance - key figures,University at a glance - key figures,"Homepage key figures: 6000+ students, 4000+ placements to date, 400+ companies, 350+ faculty, 1500+ publications.","Figures are as displayed on the homepage. The About Us page separately shows 250+ graduate acceptances, 100+ recruiters and 20+ global academic partners; the homepage shows 400+ recruiters for the same section (figures differ between pages).",,,,,,,SRC-W-02,https://www.mahindrauniversity.edu.in/,Mahindra University: Best Private University in Hyderabad,MU-002,,,
KN-0003,website,About,Overview,What sets Mahindra University apart,What sets Mahindra University apart,"Four differentiators listed: global collaboration, interdisciplinary excellence, industry-aligned learning, and research and societal impact.","Global collaboration: partnerships with international institutions to co-design globally benchmarked programmes. Interdisciplinary excellence: integrates engineering, management, law, design and the humanities. Industry-aligned learning: internships, live projects and incubation opportunities. Research & societal impact: applied research, patents and partnerships.",,,,,,,SRC-W-01,https://www.mahindrauniversity.edu.in/about-us/,About Us - Mahindra University (MU),MU-003,,,
KN-0004,website,About,Overview,Our pillars,Our pillars,"Four pillars: Academic excellence, Student empowerment, Innovation ecosystem, Inclusive excellence.","Academic excellence: world-class faculty, globally-relevant curricula, high-impact research. Student empowerment: hands-on learning, leadership opportunities, career-focused support. Innovation ecosystem: lab infrastructure, start-up culture, industry collaborations. Inclusive excellence: culture of diversity, ethics and sustainability.",,,,,,,SRC-W-01,https://www.mahindrauniversity.edu.in/about-us/,About Us - Mahindra University (MU),MU-004,,,
KN-0005,website,About,Leadership,Chancellor - Anand Mahindra,Chancellor - Anand Mahindra,"Anand Mahindra, Chairman of the Mahindra Group, is the Chancellor of Mahindra University.",Profile page: https://www.mahindrauniversity.edu.in/about-anand-mahindra/,,,,,,,SRC-W-01,https://www.mahindrauniversity.edu.in/about-us/,About Us - Mahindra University (MU),MU-005,,,
KN-0006,website,About,Leadership,Vice-Chancellor - Dr. Yajulu Medury,Vice-Chancellor - Dr. Yajulu Medury,"Dr. Yajulu Medury is the Vice-Chancellor and founding vice-chancellor of Mahindra University, with over three decades of experience in higher education, research and institutional management.",Profile page: https://www.mahindrauniversity.edu.in/about-vice-chancellor/,,,,,,,SRC-W-01,https://www.mahindrauniversity.edu.in/about-us/,About Us - Mahindra University (MU),MU-006,,,
KN-0007,website,About,Leadership,University leadership and governance pages,University leadership and governance pages,"The site has pages for Founding team, Leadership, Governing Body, Board of Management and Academic Council.",URLs: https://www.mahindrauniversity.edu.in/about-us/founding-team/ ; https://www.mahindrauniversity.edu.in/about-us/leadership/ ; https://www.mahindrauniversity.edu.in/about-us/governing-body/ ; https://www.mahindrauniversity.edu.in/about-us/board-of-management/ ; https://www.mahindrauniversity.edu.in/about-us/academic-council/ . Page contents were not extracted.,,,,,,,SRC-W-02,https://www.mahindrauniversity.edu.in/,Mahindra University: Best Private University in Hyderabad,MU-007,,,
KN-0008,website,About,Partnerships,Global academic partners and graduate acceptances,Global academic partners and graduate acceptances,"About Us page states 20+ global academic partners (exchanges, dual degrees, joint research) and 250+ graduate acceptances for advanced studies at universities worldwide.",University collaborations page: https://www.mahindrauniversity.edu.in/collaborations-mous/ (not extracted).,,,,,,,SRC-W-01,https://www.mahindrauniversity.edu.in/about-us/,About Us - Mahindra University (MU),MU-008,,,
KN-0009,website,About,Faculty,Faculty strength and directory,Faculty strength and directory,Homepage states 350+ faculty. A Faculty Directory / Expertise Finder page exists.,Faculty directory URL: https://www.mahindrauniversity.edu.in/faculties/ (individual faculty records not extracted).,,,,,,,SRC-W-02,https://www.mahindrauniversity.edu.in/,Mahindra University: Best Private University in Hyderabad,MU-009,,,
KN-0010,website,About,Leadership,Mission and purpose pages,Mission and purpose pages,The About Us page links to 'Our purpose' and 'Our mission' pages.,URLs: https://www.mahindrauniversity.edu.in/about-us/mission-vision/ ; https://www.mahindrauniversity.edu.in/about-us/purpose-mission/ . Contents not extracted.,,,,,,,SRC-W-01,https://www.mahindrauniversity.edu.in/about-us/,About Us - Mahindra University (MU),MU-010,,,
KN-0011,website,Academics,Schools,Schools at Mahindra University,Schools at Mahindra University,Mahindra University has seven schools: Ecole Centrale School of Engineering; Indira Mahindra School of Education; School of Design Innovation; School of Digital Media and Communication; School of Hospitality Management; School of Law; School of Management.,Schools overview page: https://www.mahindrauniversity.edu.in/schools/,,,,,,,SRC-W-02,https://www.mahindrauniversity.edu.in/,Mahindra University: Best Private University in Hyderabad,MU-011,,Entity link: Schools (clear); see combined_entity_overlap.csv.,Schools
KN-0012,website,Academics,Schools,École Centrale School of Engineering,École Centrale School of Engineering,École Centrale School of Engineering is one of the seven schools listed under Academics at Mahindra University.,School page: https://www.mahindrauniversity.edu.in/schools/ecole-centrale-school-of-engineering/ (page content not extracted; programme-to-school mapping is not stated on the pages accessed).,,École Centrale School of Engineering,,,,,SRC-W-02,https://www.mahindrauniversity.edu.in/,Mahindra University: Best Private University in Hyderabad,MU-012,,Entity link: École Centrale School of Engineering (clear); see combined_entity_overlap.csv.,École Centrale School of Engineering
KN-0013,website,Academics,Schools,Indira Mahindra School of Education,Indira Mahindra School of Education,Indira Mahindra School of Education is one of the seven schools listed under Academics at Mahindra University.,School page: https://www.mahindrauniversity.edu.in/schools/indira-mahindra-school-of-education/ (page content not extracted; programme-to-school mapping is not stated on the pages accessed).,,Indira Mahindra School of Education,,,,,SRC-W-02,https://www.mahindrauniversity.edu.in/,Mahindra University: Best Private University in Hyderabad,MU-013,,Entity link: Schools (clear); see combined_entity_overlap.csv.,Schools
KN-0014,website,Academics,Schools,School of Design Innovation,School of Design Innovation,School of Design Innovation is one of the seven schools listed under Academics at Mahindra University.,School page: https://www.mahindrauniversity.edu.in/schools/school-of-design-innovation/ (page content not extracted; programme-to-school mapping is not stated on the pages accessed).,,School of Design Innovation,,,,,SRC-W-02,https://www.mahindrauniversity.edu.in/,Mahindra University: Best Private University in Hyderabad,MU-014,,Entity link: Schools (clear); see combined_entity_overlap.csv.,Schools
KN-0015,website,Academics,Schools,School of Digital Media and Communication,School of Digital Media and Communication,School of Digital Media and Communication is one of the seven schools listed under Academics at Mahindra University.,School page: https://www.mahindrauniversity.edu.in/schools/school-of-digital-media-and-communication/ (page content not extracted; programme-to-school mapping is not stated on the pages accessed).,,School of Digital Media and Communication,,,,,SRC-W-02,https://www.mahindrauniversity.edu.in/,Mahindra University: Best Private University in Hyderabad,MU-015,,Entity link: Schools (clear); see combined_entity_overlap.csv.,Schools
KN-0016,website,Academics,Schools,School of Hospitality Management,School of Hospitality Management,School of Hospitality Management is one of the seven schools listed under Academics at Mahindra University.,School page: https://www.mahindrauniversity.edu.in/schools/school-of-hospitality-management/ (page content not extracted; programme-to-school mapping is not stated on the pages accessed).,,School of Hospitality Management,,,,,SRC-W-02,https://www.mahindrauniversity.edu.in/,Mahindra University: Best Private University in Hyderabad,MU-016,,Entity link: Schools (clear); see combined_entity_overlap.csv.,Schools
KN-0017,website,Academics,Schools,School of Law,School of Law,School of Law is one of the seven schools listed under Academics at Mahindra University.,School page: https://www.mahindrauniversity.edu.in/schools/school-of-law/ (page content not extracted; programme-to-school mapping is not stated on the pages accessed).,,School of Law,,,,,SRC-W-02,https://www.mahindrauniversity.edu.in/,Mahindra University: Best Private University in Hyderabad,MU-017,,Entity link: Schools (clear); see combined_entity_overlap.csv.,Schools
KN-0018,website,Academics,Schools,School of Management,School of Management,School of Management is one of the seven schools listed under Academics at Mahindra University.,School page: https://www.mahindrauniversity.edu.in/schools/school-of-management/ (page content not extracted; programme-to-school mapping is not stated on the pages accessed).,,School of Management,,,,,SRC-W-02,https://www.mahindrauniversity.edu.in/,Mahindra University: Best Private University in Hyderabad,MU-018,,Entity link: Schools (clear); see combined_entity_overlap.csv.,Schools
KN-0019,website,Academics,Centres,Centres at Mahindra University,Centres at Mahindra University,Centres listed: Centre for Entrepreneurship and Innovation; Centre for Executive Education; Centre for Life Sciences; Centre for Sustainability; MU-VT Centre for Interdisciplinary Research in Transformative Technologies; Global Centre for Enterprise Risk Management; Bajaj Engineering Skills Training (BEST) Centre; Centre for Language Learning and Development.,Centres overview page: https://www.mahindrauniversity.edu.in/centres/,,,,,,,SRC-W-02,https://www.mahindrauniversity.edu.in/,Mahindra University: Best Private University in Hyderabad,MU-019,,,
KN-0020,website,Academics,Centres,Centre for Entrepreneurship and Innovation,Centre for Entrepreneurship and Innovation,"Centre for Entrepreneurship and Innovation is listed under Centres in the Academics menu. Homepage describes a Babson-partnered centre, a student-led E-Cell and a full incubation hub.",Centre page: https://www.mahindrauniversity.edu.in/about-cei/ (page content not extracted).,,Centre for Entrepreneurship and Innovation,,,,,SRC-W-02,https://www.mahindrauniversity.edu.in/,Mahindra University: Best Private University in Hyderabad,MU-020,,,
KN-0021,website,Academics,Centres,Centre for Executive Education,Centre for Executive Education,Centre for Executive Education is listed under Centres in the Academics menu.,Centre page: https://www.mahindrauniversity.edu.in/executive-education/ (page content not extracted).,,Centre for Executive Education,,,,,SRC-W-02,https://www.mahindrauniversity.edu.in/,Mahindra University: Best Private University in Hyderabad,MU-021,,,
KN-0022,website,Academics,Centres,Centre for Life Sciences,Centre for Life Sciences,Centre for Life Sciences is listed under Centres in the Academics menu.,Centre page: https://www.mahindrauniversity.edu.in/life-science/ (page content not extracted).,,Centre for Life Sciences,,,,,SRC-W-02,https://www.mahindrauniversity.edu.in/,Mahindra University: Best Private University in Hyderabad,MU-022,,,
KN-0023,website,Academics,Centres,Centre for Sustainability,Centre for Sustainability,Centre for Sustainability is listed under Centres in the Academics menu.,Centre page: https://www.mahindrauniversity.edu.in/center-for-sustainability/ (page content not extracted).,,Centre for Sustainability,,,,,SRC-W-02,https://www.mahindrauniversity.edu.in/,Mahindra University: Best Private University in Hyderabad,MU-023,,,
KN-0024,website,Academics,Centres,MU-VT Centre for Interdisciplinary Research in Transformative Technologies,MU-VT Centre for Interdisciplinary Research in Transformative Technologies,MU-VT Centre for Interdisciplinary Research in Transformative Technologies is listed under Centres in the Academics menu.,Centre page: https://www.mahindrauniversity.edu.in/mahindra-university-virginia-tech/ (page content not extracted).,,MU-VT Centre for Interdisciplinary Research in Transformative Technologies,,,,,SRC-W-02,https://www.mahindrauniversity.edu.in/,Mahindra University: Best Private University in Hyderabad,MU-024,,,
KN-0025,website,Academics,Centres,Global Centre for Enterprise Risk Management,Global Centre for Enterprise Risk Management,Global Centre for Enterprise Risk Management is listed under Centres in the Academics menu.,Centre page: https://www.mahindrauniversity.edu.in/global-centre-for-enterprise-risk-management/ (page content not extracted).,,Global Centre for Enterprise Risk Management,,,,,SRC-W-02,https://www.mahindrauniversity.edu.in/,Mahindra University: Best Private University in Hyderabad,MU-025,,,
KN-0026,website,Academics,Centres,Bajaj Engineering Skills Training (BEST) Centre,Bajaj Engineering Skills Training (BEST) Centre,Bajaj Engineering Skills Training (BEST) Centre is listed under Centres in the Academics menu.,Centre page: https://www.mahindrauniversity.edu.in/bajaj-engineering-skills-training-best-centre/ (page content not extracted).,,Bajaj Engineering Skills Training (BEST) Centre,,,,,SRC-W-02,https://www.mahindrauniversity.edu.in/,Mahindra University: Best Private University in Hyderabad,MU-026,,,
KN-0027,website,Academics,Centres,Centre for Language Learning and Development,Centre for Language Learning and Development,Mahindra University unveiled the Centre for Language Learning and Development and hosted an experiential storytelling workshop for teachers (news item on homepage).,News: https://www.mahindrauniversity.edu.in/media-releases/mahindra-university-unveils-centre-for-language-learning-and-development-hosts-experiential-storytelling-workshop-for-teachers/,,Centre for Language Learning and Development,,,,,SRC-W-02,https://www.mahindrauniversity.edu.in/,Mahindra University: Best Private University in Hyderabad,MU-027,,,
KN-0028,website,Academics,Undergraduate Programmes,Undergraduate programmes offered,Undergraduate programmes offered,11 undergraduate programmes are listed: B.A. LL.B. (Honours); B.A. in Journalism & Mass Communication (BJMC); BBA; BBA in Entrepreneurship & Family Business; BBA LL.B. (Honours); B.Des; B.Tech; B.Tech in Computation & Media; B.Tech. - LL.B. (Honours); 4-year BBA (honours) in Hospitality Management; Bachelor of Architecture (B. Arch).,,,,,,,,SRC-W-03,https://www.mahindrauniversity.edu.in/under-graduate-programs/,Under Graduate (UG) Programs - Mahindra University,MU-028,,,
KN-0029,website,Academics,Undergraduate Programmes,B.A. LL.B. (Honours),B.A. LL.B. (Honours),An integrated law programme combining liberal arts education with rigorous legal training and critical thinking.,Programme page: https://www.mahindrauniversity.edu.in/programs/ba-llb-hons/,,,B.A. LL.B. (Honours),,,,SRC-W-03,https://www.mahindrauniversity.edu.in/under-graduate-programs/,Under Graduate (UG) Programs - Mahindra University,MU-029,,,
KN-0030,website,Academics,Undergraduate Programmes,B.A. in Journalism & Mass Communication (BJMC),B.A. in Journalism & Mass Communication (BJMC),"A practice-oriented programme that develops skills in journalism, media production, and digital communication.",Programme page: https://www.mahindrauniversity.edu.in/programs/ba-journalism-mass-communication/,,,B.A. in Journalism & Mass Communication (BJMC),,,,SRC-W-03,https://www.mahindrauniversity.edu.in/under-graduate-programs/,Under Graduate (UG) Programs - Mahindra University,MU-030,,,
KN-0031,website,Academics,Undergraduate Programmes,BBA,BBA,"An undergraduate business programme focused on management fundamentals, digital fluency, and leadership development.",Programme page: https://www.mahindrauniversity.edu.in/programs/ba-bba/,,,BBA,,,,SRC-W-03,https://www.mahindrauniversity.edu.in/under-graduate-programs/,Under Graduate (UG) Programs - Mahindra University,MU-031,,,
KN-0032,website,Academics,Undergraduate Programmes,BBA in Entrepreneurship & Family Business,BBA in Entrepreneurship & Family Business,"A specialised business programme designed for building, managing, and scaling entrepreneurial and family-run enterprises.",Programme page: https://www.mahindrauniversity.edu.in/programs/bba-entrepreneurship-family-business/,,,BBA in Entrepreneurship & Family Business,,,,SRC-W-03,https://www.mahindrauniversity.edu.in/under-graduate-programs/,Under Graduate (UG) Programs - Mahindra University,MU-032,,,
KN-0033,website,Academics,Undergraduate Programmes,BBA LL.B. (Honours),BBA LL.B. (Honours),"An integrated programme blending business education with legal studies for careers at the intersection of law, policy, and management.",Programme page: https://www.mahindrauniversity.edu.in/programs/bba-llb-hons/,,,BBA LL.B. (Honours),,,,SRC-W-03,https://www.mahindrauniversity.edu.in/under-graduate-programs/,Under Graduate (UG) Programs - Mahindra University,MU-033,,,
KN-0034,website,Academics,Undergraduate Programmes,B. Des,B. Des,"A design programme focused on creative thinking, user-centred design, and problem-solving across physical and digital domains.",Programme page: https://www.mahindrauniversity.edu.in/programs/bachelors-in-design-program/,,,B. Des,,,,SRC-W-03,https://www.mahindrauniversity.edu.in/under-graduate-programs/,Under Graduate (UG) Programs - Mahindra University,MU-034,,,
KN-0035,website,Academics,Undergraduate Programmes,B.Tech,B.Tech,An engineering programme offering strong foundations and specialisation across core and emerging technology disciplines.,Programme page: https://www.mahindrauniversity.edu.in/programs/b-tech/,,,B.Tech,,,,SRC-W-03,https://www.mahindrauniversity.edu.in/under-graduate-programs/,Under Graduate (UG) Programs - Mahindra University,MU-035,,,
KN-0036,website,Academics,Undergraduate Programmes,B.Tech in Computation & Media,B.Tech in Computation & Media,"An interdisciplinary programme integrating computing, media studies, and creative technologies.",Programme page: https://www.mahindrauniversity.edu.in/programs/computation-media/,,,B.Tech in Computation & Media,,,,SRC-W-03,https://www.mahindrauniversity.edu.in/under-graduate-programs/,Under Graduate (UG) Programs - Mahindra University,MU-036,,,
KN-0037,website,Academics,Undergraduate Programmes,B.Tech. - LL.B. (Honours),B.Tech. - LL.B. (Honours),"An interdisciplinary programme combining engineering education with legal studies relevant to technology, policy and regulation.",Programme page: https://www.mahindrauniversity.edu.in/programs/b-tech-ll-b-hons/,,,B.Tech. - LL.B. (Honours),,,,SRC-W-03,https://www.mahindrauniversity.edu.in/under-graduate-programs/,Under Graduate (UG) Programs - Mahindra University,MU-037,,,
KN-0038,website,Academics,Undergraduate Programmes,4-year BBA (honours) in Hospitality Management,4-year BBA (honours) in Hospitality Management,"A specialised honours programme focused on hospitality operations, service leadership and global industry practices.",Programme page: https://www.mahindrauniversity.edu.in/programs/4-year-bba-hons-in-hospitality-management/,,,4-year BBA (honours) in Hospitality Management,,,,SRC-W-03,https://www.mahindrauniversity.edu.in/under-graduate-programs/,Under Graduate (UG) Programs - Mahindra University,MU-038,,,
KN-0039,website,Academics,Undergraduate Programmes,Bachelor of Architecture (B. Arch) Programme,Bachelor of Architecture (B. Arch) Programme,A five-year professional programme aligned with Council of Architecture (COA) guidelines.,Programme page: https://www.mahindrauniversity.edu.in/programs/bachelor-of-architecture-b-arch-programme/,,,Bachelor of Architecture (B. Arch) Programme,,,,SRC-W-03,https://www.mahindrauniversity.edu.in/under-graduate-programs/,Under Graduate (UG) Programs - Mahindra University,MU-039,,,
KN-0040,website,Academics,Postgraduate Programmes,Postgraduate programmes offered,Postgraduate programmes offered,11 postgraduate programmes are listed: 3 Years LL.B.; 5-year Integrated M.Tech in Biotechnology; M.A. in Education; M.A. in Journalism and Mass Communication; MBA; Masters in Design Innovation; M.Sc. Biotechnology (Biologics); M.Sc. by Research in Biotherapeutics; M.Tech; M.Tech in Biomedical Data Science; M.Tech in Sustainability.,,,,,,,,SRC-W-04,https://www.mahindrauniversity.edu.in/post-graduate-programs/,Post Graduate (PG) Programs - Mahindra University,MU-040,,,
KN-0041,website,Academics,Postgraduate Programmes,3 Years LL.B.,3 Years LL.B.,"A postgraduate law programme designed to build strong legal foundations, analytical reasoning and professional competence for diverse legal careers.",Programme page: https://www.mahindrauniversity.edu.in/programs/3-years-llb-hons/,,,3 Years LL.B.,,,,SRC-W-04,https://www.mahindrauniversity.edu.in/post-graduate-programs/,Post Graduate (PG) Programs - Mahindra University,MU-041,,,
KN-0042,website,Academics,Postgraduate Programmes,5-year Integrated M.Tech in Biotechnology,5-year Integrated M.Tech in Biotechnology,An integrated programme combining undergraduate and postgraduate training to develop deep expertise in biotechnology and life sciences.,Programme page: https://www.mahindrauniversity.edu.in/5-yr-integrated-m-tech-in-biotechnology/,,,5-year Integrated M.Tech in Biotechnology,,,,SRC-W-04,https://www.mahindrauniversity.edu.in/post-graduate-programs/,Post Graduate (PG) Programs - Mahindra University,MU-042,,,
KN-0043,website,Academics,Postgraduate Programmes,M.A. in Education,M.A. in Education,"A postgraduate programme focused on critical inquiry, educational research, and leadership across diverse learning contexts.",Programme page: https://www.mahindrauniversity.edu.in/programs/ma-education-program/,,,M.A. in Education,,,,SRC-W-04,https://www.mahindrauniversity.edu.in/post-graduate-programs/,Post Graduate (PG) Programs - Mahindra University,MU-043,,,
KN-0044,website,Academics,Postgraduate Programmes,M.A. in Journalism and Mass Communication,M.A. in Journalism and Mass Communication,"Advanced study in journalism, media practice, and communication theory.",Programme page: https://www.mahindrauniversity.edu.in/programs/ma-in-journalism-and-mass-communication/,,,M.A. in Journalism and Mass Communication,,,,SRC-W-04,https://www.mahindrauniversity.edu.in/post-graduate-programs/,Post Graduate (PG) Programs - Mahindra University,MU-044,,,
KN-0045,website,Academics,Postgraduate Programmes,MBA,MBA,"A management programme focused on leadership, strategy and decision-making.",Programme page: https://www.mahindrauniversity.edu.in/programs/mba/,,,MBA,,,,SRC-W-04,https://www.mahindrauniversity.edu.in/post-graduate-programs/,Post Graduate (PG) Programs - Mahindra University,MU-045,,,
KN-0046,website,Academics,Postgraduate Programmes,Masters in Design Innovation,Masters in Design Innovation,"An interdisciplinary postgraduate programme that applies design-led thinking to innovation, systems and complex real-world challenges.",Programme page: https://www.mahindrauniversity.edu.in/programs/masters-of-design-innovation/,,,Masters in Design Innovation,,,,SRC-W-04,https://www.mahindrauniversity.edu.in/post-graduate-programs/,Post Graduate (PG) Programs - Mahindra University,MU-046,,,
KN-0047,website,Academics,Postgraduate Programmes,M.Sc. Biotechnology (Biologics),M.Sc. Biotechnology (Biologics),"A specialised programme focused on biologics, biopharmaceutical development and industry-aligned life sciences training.",Programme page: https://www.mahindrauniversity.edu.in/programs/m-sc-biotechnology-biologics-for-dr-reddys-labs/,,,M.Sc. Biotechnology (Biologics),,,,SRC-W-04,https://www.mahindrauniversity.edu.in/post-graduate-programs/,Post Graduate (PG) Programs - Mahindra University,MU-047,,,
KN-0048,website,Academics,Postgraduate Programmes,M.Sc. by Research in Biotherapeutics,M.Sc. by Research in Biotherapeutics,"A research-intensive programme focused on discovery, development and manufacturing of advanced biotherapeutic products.",Programme page: https://www.mahindrauniversity.edu.in/programs/m-sc-by-research-in-biotherapeutics/,,,M.Sc. by Research in Biotherapeutics,,,,SRC-W-04,https://www.mahindrauniversity.edu.in/post-graduate-programs/,Post Graduate (PG) Programs - Mahindra University,MU-048,,,
KN-0049,website,Academics,Postgraduate Programmes,M.Tech,M.Tech,A postgraduate engineering programme offering advanced technical training and research exposure across specialised domains.,Programme page: https://www.mahindrauniversity.edu.in/programs/m-tech/,,,M.Tech,,,,SRC-W-04,https://www.mahindrauniversity.edu.in/post-graduate-programs/,Post Graduate (PG) Programs - Mahindra University,MU-049,,,
KN-0050,website,Academics,Postgraduate Programmes,M.Tech in Biomedical Data Science,M.Tech in Biomedical Data Science,"An interdisciplinary programme integrating data science, computation, and biomedical research for healthcare and life science applications.",Programme page: https://www.mahindrauniversity.edu.in/programs/m-tech-in-biomedical-data-science/,,,M.Tech in Biomedical Data Science,,,,SRC-W-04,https://www.mahindrauniversity.edu.in/post-graduate-programs/,Post Graduate (PG) Programs - Mahindra University,MU-050,,,
KN-0051,website,Academics,Postgraduate Programmes,M.Tech in Sustainability,M.Tech in Sustainability,A programme that aims to prepare industry-ready professionals and researchers who can address global sustainability challenges.,Programme page: https://www.mahindrauniversity.edu.in/programs/m-tech-in-sustainability/,,,M.Tech in Sustainability,,,,SRC-W-04,https://www.mahindrauniversity.edu.in/post-graduate-programs/,Post Graduate (PG) Programs - Mahindra University,MU-051,,,
KN-0052,website,Academics,Doctoral Programmes,Ph.D. programme areas,Ph.D. programme areas,Ph.D. programmes are listed in eight areas: Engineering; Educational Studies; Business Administration; Life Sciences; Media and Communication; Law; Design Innovation; Humanities and Social Sciences.,Seen in the site-wide 'Mahindra University announces admissions for 2026' pop-up. Doctoral programmes overview page: https://www.mahindrauniversity.edu.in/ph-d-programs/ (not extracted).,,,,,,,SRC-W-04,https://www.mahindrauniversity.edu.in/post-graduate-programs/,Post Graduate (PG) Programs - Mahindra University,MU-052,,,
KN-0053,website,Academics,Doctoral Programmes,Ph.D. in Engineering,Ph.D. in Engineering,Ph.D. in Engineering is listed under Ph.D. Programmes in the 2026 admissions pop-up.,Programme page: https://www.mahindrauniversity.edu.in/programs/ph-d-in-engineering/ (content not extracted). Source is the site-wide admissions pop-up.,,,Ph.D. in Engineering,,,,SRC-W-04,https://www.mahindrauniversity.edu.in/post-graduate-programs/,Post Graduate (PG) Programs - Mahindra University,MU-053,,,
KN-0054,website,Academics,Doctoral Programmes,Ph.D. in Educational Studies,Ph.D. in Educational Studies,Ph.D. in Educational Studies is listed under Ph.D. Programmes in the 2026 admissions pop-up.,Programme page: https://www.mahindrauniversity.edu.in/programs/phd-in-educational-studies/ (content not extracted). Source is the site-wide admissions pop-up.,,,Ph.D. in Educational Studies,,,,SRC-W-04,https://www.mahindrauniversity.edu.in/post-graduate-programs/,Post Graduate (PG) Programs - Mahindra University,MU-054,,,
KN-0055,website,Academics,Doctoral Programmes,Ph.D. in Business Administration,Ph.D. in Business Administration,Ph.D. in Business Administration is listed under Ph.D. Programmes in the 2026 admissions pop-up.,Programme page: https://www.mahindrauniversity.edu.in/programs/phd-programs-school-of-management/ (content not extracted). Source is the site-wide admissions pop-up.,,,Ph.D. in Business Administration,,,,SRC-W-04,https://www.mahindrauniversity.edu.in/post-graduate-programs/,Post Graduate (PG) Programs - Mahindra University,MU-055,,,
KN-0056,website,Academics,Doctoral Programmes,Ph.D. in Life Sciences,Ph.D. in Life Sciences,Ph.D. in Life Sciences is listed under Ph.D. Programmes in the 2026 admissions pop-up.,Programme page: https://www.mahindrauniversity.edu.in/programs/phd-in-life-sciences/ (content not extracted). Source is the site-wide admissions pop-up.,,,Ph.D. in Life Sciences,,,,SRC-W-04,https://www.mahindrauniversity.edu.in/post-graduate-programs/,Post Graduate (PG) Programs - Mahindra University,MU-056,,,
KN-0057,website,Academics,Doctoral Programmes,Ph.D. in Media and Communication,Ph.D. in Media and Communication,Ph.D. in Media and Communication is listed under Ph.D. Programmes in the 2026 admissions pop-up.,Programme page: https://www.mahindrauniversity.edu.in/programs/phd-in-media-and-communication/ (content not extracted). Source is the site-wide admissions pop-up.,,,Ph.D. in Media and Communication,,,,SRC-W-04,https://www.mahindrauniversity.edu.in/post-graduate-programs/,Post Graduate (PG) Programs - Mahindra University,MU-057,,,
KN-0058,website,Academics,Doctoral Programmes,Ph.D. in Law,Ph.D. in Law,Ph.D. in Law is listed under Ph.D. Programmes in the 2026 admissions pop-up.,Programme page: https://www.mahindrauniversity.edu.in/programs/ph-d-in-law/ (content not extracted). Source is the site-wide admissions pop-up.,,,Ph.D. in Law,,,,SRC-W-04,https://www.mahindrauniversity.edu.in/post-graduate-programs/,Post Graduate (PG) Programs - Mahindra University,MU-058,,,
KN-0059,website,Academics,Doctoral Programmes,Ph.D. in Design Innovation,Ph.D. in Design Innovation,Ph.D. in Design Innovation is listed under Ph.D. Programmes in the 2026 admissions pop-up.,Programme page: https://www.mahindrauniversity.edu.in/programs/phd-in-design-innovation/ (content not extracted). Source is the site-wide admissions pop-up.,,,Ph.D. in Design Innovation,,,,SRC-W-04,https://www.mahindrauniversity.edu.in/post-graduate-programs/,Post Graduate (PG) Programs - Mahindra University,MU-059,,,
KN-0060,website,Academics,Doctoral Programmes,Ph.D. in Humanities and Social Sciences,Ph.D. in Humanities and Social Sciences,Ph.D. in Humanities and Social Sciences is listed under Ph.D. Programmes in the 2026 admissions pop-up.,Programme page: https://www.mahindrauniversity.edu.in/ph-d-in-humanities-and-social-sciences/ (content not extracted). Source is the site-wide admissions pop-up.,,,Ph.D. in Humanities and Social Sciences,,,,SRC-W-04,https://www.mahindrauniversity.edu.in/post-graduate-programs/,Post Graduate (PG) Programs - Mahindra University,MU-060,,,
KN-0061,website,Academics,Executive & Working Professional Programmes,Executive Education,Executive Education,Executive Education is listed among admissions programmes and is run by the Centre for Executive Education.,Page: https://www.mahindrauniversity.edu.in/executive-education/ (content not extracted).,,Centre for Executive Education,,,,executive.education@mahindrauniversity.edu.in; +91 9059538001,SRC-W-02,https://www.mahindrauniversity.edu.in/,Mahindra University: Best Private University in Hyderabad,MU-061,,,
KN-0062,website,Academics,Executive & Working Professional Programmes,Working Professional Programmes,Working Professional Programmes,Working Professional Programmes are listed under Admissions > Programmes.,Page: https://www.mahindrauniversity.edu.in/weekend-working-professionals-program/ (content not extracted).,,,,,,,SRC-W-02,https://www.mahindrauniversity.edu.in/,Mahindra University: Best Private University in Hyderabad,MU-062,,,
KN-0063,website,Academics,Executive & Working Professional Programmes,B.Tech in Civil Engineering for Working Professionals,B.Tech in Civil Engineering for Working Professionals,A B.Tech in Civil Engineering for Working Professionals is listed among B.Tech specialisations.,Programme page: https://www.mahindrauniversity.edu.in/programs/b-tech/civil-engineering-for-working-professionals/,,,B.Tech in Civil Engineering for Working Professionals,,,,SRC-W-05,https://www.mahindrauniversity.edu.in/programs/b-tech/,BTech Courses and Specializations List- Mahindra University,MU-063,,,
KN-0064,website,Academics,B.Tech,Bachelor of Technology (B.Tech) overview,Bachelor of Technology (B.Tech) overview,"A 4-year (8-semester) residential B.Tech programme combining Ecole Centrale's curriculum, labs and industry connections. Curriculum is co-designed with Ecole Centrale, France.","Mandatory 100% residential programme; hostel stay is mandatory. International exchange programme with mandatory internships. First two years are the Core Program; last two years are the Professional Program with electives. Credit structure: basic sciences 47, basic engineering 28, humanities/social/creative sciences 15, enterprise sciences 10. Curriculum page: https://www.mahindrauniversity.edu.in/programs/b-tech/curriculum/ ; important dates page: https://www.mahindrauniversity.edu.in/programs/b-tech/important-dates/ (not extracted).",,,B.Tech,,,,SRC-W-05,https://www.mahindrauniversity.edu.in/programs/b-tech/,BTech Courses and Specializations List- Mahindra University,MU-064,,,
KN-0065,website,Academics,B.Tech Specialisations,B.Tech specialisations listed,B.Tech specialisations listed,The B.Tech page lists these specialisations: Civil Engineering for Working Professionals; VLSI Design & Technology; Nanotechnology; Mechatronics; Electronics & Communication Engineering; Data Science; Computational Biology; Civil Engineering; Biotechnology; Aerospace Engineering; Mechanical Engineering; Computation & Mathematics; Electronics & Computer Engineering; Artificial Intelligence; Computer Science Engineering.,"The page has a 'Load More' control, so additional specialisations may exist that were not visible in the extracted text.",,,B.Tech,,,,SRC-W-05,https://www.mahindrauniversity.edu.in/programs/b-tech/,BTech Courses and Specializations List- Mahindra University,MU-065,,,
KN-0066,website,Academics,B.Tech Specialisations,B.Tech in VLSI Design & Technology,B.Tech in VLSI Design & Technology,B.Tech in VLSI Design & Technology is listed as a B.Tech specialisation.,Programme page: https://www.mahindrauniversity.edu.in/programs/b-tech/vlsi-design-and-technology/ (content not extracted). School mapping is not stated on the page.,,,B.Tech in VLSI Design & Technology,,,,SRC-W-05,https://www.mahindrauniversity.edu.in/programs/b-tech/,BTech Courses and Specializations List- Mahindra University,MU-066,,,
KN-0067,website,Academics,B.Tech Specialisations,B.Tech in Nanotechnology,B.Tech in Nanotechnology,B.Tech in Nanotechnology is listed as a B.Tech specialisation.,Programme page: https://www.mahindrauniversity.edu.in/programs/b-tech/nanotechnology-program/ (content not extracted). School mapping is not stated on the page.,,,B.Tech in Nanotechnology,,,,SRC-W-05,https://www.mahindrauniversity.edu.in/programs/b-tech/,BTech Courses and Specializations List- Mahindra University,MU-067,,,
KN-0068,website,Academics,B.Tech Specialisations,B.Tech in Mechatronics,B.Tech in Mechatronics,B.Tech in Mechatronics is listed as a B.Tech specialisation.,Programme page: https://www.mahindrauniversity.edu.in/programs/b-tech/mechatronics-engineering/ (content not extracted). School mapping is not stated on the page.,,,B.Tech in Mechatronics,,,,SRC-W-05,https://www.mahindrauniversity.edu.in/programs/b-tech/,BTech Courses and Specializations List- Mahindra University,MU-068,,,
KN-0069,website,Academics,B.Tech Specialisations,B.Tech in Electronics & Communication Engineering,B.Tech in Electronics & Communication Engineering,B.Tech in Electronics & Communication Engineering is listed as a B.Tech specialisation.,Programme page: https://www.mahindrauniversity.edu.in/programs/b-tech/electronics-and-communication-engineering/ (content not extracted). School mapping is not stated on the page.,,,B.Tech in Electronics & Communication Engineering,,,,SRC-W-05,https://www.mahindrauniversity.edu.in/programs/b-tech/,BTech Courses and Specializations List- Mahindra University,MU-069,,,
KN-0070,website,Academics,B.Tech Specialisations,B.Tech in Data Science,B.Tech in Data Science,B.Tech in Data Science is listed as a B.Tech specialisation.,Programme page: https://www.mahindrauniversity.edu.in/programs/b-tech/data-science/ (content not extracted). School mapping is not stated on the page.,,,B.Tech in Data Science,,,,SRC-W-05,https://www.mahindrauniversity.edu.in/programs/b-tech/,BTech Courses and Specializations List- Mahindra University,MU-070,,,
KN-0071,website,Academics,B.Tech Specialisations,B.Tech in Computational Biology,B.Tech in Computational Biology,B.Tech in Computational Biology is listed as a B.Tech specialisation.,Programme page: https://www.mahindrauniversity.edu.in/programs/b-tech/computational-biology/ (content not extracted). School mapping is not stated on the page.,,,B.Tech in Computational Biology,,,,SRC-W-05,https://www.mahindrauniversity.edu.in/programs/b-tech/,BTech Courses and Specializations List- Mahindra University,MU-071,,,
KN-0072,website,Academics,B.Tech Specialisations,B.Tech in Civil Engineering,B.Tech in Civil Engineering,B.Tech in Civil Engineering is listed as a B.Tech specialisation.,Programme page: https://www.mahindrauniversity.edu.in/programs/b-tech/civil-engineering/ (content not extracted). School mapping is not stated on the page.,,,B.Tech in Civil Engineering,,,,SRC-W-05,https://www.mahindrauniversity.edu.in/programs/b-tech/,BTech Courses and Specializations List- Mahindra University,MU-072,,,
KN-0073,website,Academics,B.Tech Specialisations,B.Tech in Biotechnology,B.Tech in Biotechnology,B.Tech in Biotechnology is listed as a B.Tech specialisation.,Programme page: https://www.mahindrauniversity.edu.in/programs/b-tech/bio-technology-program/ (content not extracted). School mapping is not stated on the page.,,,B.Tech in Biotechnology,,,,SRC-W-05,https://www.mahindrauniversity.edu.in/programs/b-tech/,BTech Courses and Specializations List- Mahindra University,MU-073,,,
KN-0074,website,Academics,B.Tech Specialisations,B.Tech in Aerospace Engineering,B.Tech in Aerospace Engineering,B.Tech in Aerospace Engineering is listed as a B.Tech specialisation.,Programme page: https://www.mahindrauniversity.edu.in/programs/b-tech/aerospace-engineering/ (content not extracted). School mapping is not stated on the page.,,,B.Tech in Aerospace Engineering,,,,SRC-W-05,https://www.mahindrauniversity.edu.in/programs/b-tech/,BTech Courses and Specializations List- Mahindra University,MU-074,,,
KN-0075,website,Academics,B.Tech Specialisations,B.Tech in Mechanical Engineering,B.Tech in Mechanical Engineering,B.Tech in Mechanical Engineering is listed as a B.Tech specialisation.,Programme page: https://www.mahindrauniversity.edu.in/programs/b-tech/mechanical-engineering/ (content not extracted). School mapping is not stated on the page.,,,B.Tech in Mechanical Engineering,,,,SRC-W-05,https://www.mahindrauniversity.edu.in/programs/b-tech/,BTech Courses and Specializations List- Mahindra University,MU-075,,,
KN-0076,website,Academics,B.Tech Specialisations,B.Tech in Computation & Mathematics,B.Tech in Computation & Mathematics,B.Tech in Computation & Mathematics is listed as a B.Tech specialisation.,Programme page: https://www.mahindrauniversity.edu.in/programs/b-tech/computation-mathematics/ (content not extracted). School mapping is not stated on the page.,,,B.Tech in Computation & Mathematics,,,,SRC-W-05,https://www.mahindrauniversity.edu.in/programs/b-tech/,BTech Courses and Specializations List- Mahindra University,MU-076,,,
KN-0077,website,Academics,B.Tech Specialisations,B.Tech in Electronics & Computer Engineering,B.Tech in Electronics & Computer Engineering,B.Tech in Electronics & Computer Engineering is listed as a B.Tech specialisation.,Programme page: https://www.mahindrauniversity.edu.in/programs/b-tech/electronics-computer-engineering/ (content not extracted). School mapping is not stated on the page.,,,B.Tech in Electronics & Computer Engineering,,,,SRC-W-05,https://www.mahindrauniversity.edu.in/programs/b-tech/,BTech Courses and Specializations List- Mahindra University,MU-077,,,
KN-0078,website,Academics,B.Tech Specialisations,B.Tech in Artificial Intelligence,B.Tech in Artificial Intelligence,B.Tech in Artificial Intelligence is listed as a B.Tech specialisation.,Programme page: https://www.mahindrauniversity.edu.in/programs/b-tech/artificial-intelligence-program/ (content not extracted). School mapping is not stated on the page.,,,B.Tech in Artificial Intelligence,,,,SRC-W-05,https://www.mahindrauniversity.edu.in/programs/b-tech/,BTech Courses and Specializations List- Mahindra University,MU-078,,,
KN-0079,website,Academics,B.Tech Specialisations,B.Tech in Computer Science Engineering,B.Tech in Computer Science Engineering,B.Tech in Computer Science Engineering is listed as a B.Tech specialisation.,Programme page: https://www.mahindrauniversity.edu.in/programs/b-tech/computer-science-engineering/ (content not extracted). School mapping is not stated on the page.,,,B.Tech in Computer Science Engineering,,,,SRC-W-05,https://www.mahindrauniversity.edu.in/programs/b-tech/,BTech Courses and Specializations List- Mahindra University,MU-079,,,
KN-0080,website,Admissions,Application,Admissions 2026 open,Admissions 2026 open,"Mahindra University announces admissions for 2026 in Undergraduate, Postgraduate and Ph.D. programmes. Applications are made through the online admissions portal.",Apply now: https://admission.mahindrauniversity.edu.in/ . Info sessions registration: https://www.mahindrauniversity.edu.in/meet-us-infosessions/ . Admission 2026-2027 page: https://www.mahindrauniversity.edu.in/study-at-mahindra/ . Source is the site-wide admissions pop-up.,,,,,,admissions@mahindrauniversity.edu.in,SRC-W-04,https://www.mahindrauniversity.edu.in/post-graduate-programs/,Post Graduate (PG) Programs - Mahindra University,MU-080,,,
KN-0081,website,Admissions,Application,Admission notification and brochure documents,Admission notification and brochure documents,"Downloadable documents linked on the site: B.Tech Admission Notification 2026-27 (PDF), University brochure (PDF), Public Self-Disclosure (PDF), Students Code of Conduct (PDF).",B.Tech notification: https://www.mahindrauniversity.edu.in/wp-content/uploads/2026/03/B.Tech-Admission-Notification-2026-27.pdf ; Brochure: https://www.mahindrauniversity.edu.in/wp-content/uploads/2026/03/MU-Brochure-6-pager-2025.pdf ; PDFs were not read.,,,,,,,SRC-W-05,https://www.mahindrauniversity.edu.in/programs/b-tech/,BTech Courses and Specializations List- Mahindra University,MU-081,,,
KN-0082,website,Admissions,B.Tech Fees,B.Tech fee structure - Indian students,B.Tech fee structure - Indian students,"Indian students: academic fees Rs 5,00,000; hostel charges Rs 1,70,000; caution deposit Rs 20,000 (refundable at the end of study or graduation).","The page does not state whether amounts are per year or for the full programme. Hostel residence is mandatory for B.Tech students. First-year students are allotted triple-occupancy rooms; from the second year, double or triple occupancy may be opted for, subject to availability, with hostel fees per allotted type. All fees (academic, hostel etc.) are subject to annual revision.",,,B.Tech,,"Academic: INR 5,00,000; Hostel: INR 1,70,000; Caution deposit (refundable): INR 20,000",,SRC-W-06,https://www.mahindrauniversity.edu.in/programs/b-tech/fee-structure/,B.Tech Fee Structure 2026 | Mahindra University,MU-082,,,
KN-0083,website,Admissions,B.Tech Fees,B.Tech fee structure - PIO/NRI students,B.Tech fee structure - PIO/NRI students,"PIO/NRI students: academic fees USD 9,000; hostel charges USD 3,000; caution deposit USD 400 (refundable).",The page does not state whether amounts are per year or for the full programme. Hostel residence is mandatory.,,,B.Tech,,"Academic: USD 9,000; Hostel: USD 3,000; Caution deposit (refundable): USD 400",,SRC-W-06,https://www.mahindrauniversity.edu.in/programs/b-tech/fee-structure/,B.Tech Fee Structure 2026 | Mahindra University,MU-083,,,
KN-0084,website,Admissions,B.Tech Eligibility,B.Tech eligibility - Indian category,B.Tech eligibility - Indian category,"Qualify in JEE (Main) 2026 and be eligible to write JEE Advanced 2026 (or top All India Rank in JEE Main), OR a valid SAT Subject Test score (including maths, physics, chemistry) of at least 1800, OR a valid SAT score of at least 800, OR a valid ACT composite score of at least 18.",Students admitted through JEE/SAT/ACT need 60% or equivalent in 10+2 from any statutory board.,,,B.Tech,JEE (Main) 2026 / SAT Subject (min 1800) / SAT (min 800) / ACT (min composite 18); 60% in 10+2,,,SRC-W-07,https://www.mahindrauniversity.edu.in/programs/b-tech/eligibility-criteria/,B.Tech Eligibility Criteria - Mahindra University,MU-084,,,
KN-0085,website,Admissions,B.Tech Eligibility,B.Tech eligibility - POI/NRI category,B.Tech eligibility - POI/NRI category,10+2 or equivalent from any statutory board with 80% or equivalent grade (IB or other approved boards). Valid SAT scores are considered but not mandatory. Shortlisted candidates are followed by a panel interview.,,,,B.Tech,10+2 with 80% or equivalent; SAT optional; panel interview for shortlisted candidates,,,SRC-W-07,https://www.mahindrauniversity.edu.in/programs/b-tech/eligibility-criteria/,B.Tech Eligibility Criteria - Mahindra University,MU-085,,,
KN-0086,website,Admissions,B.Tech Eligibility,Biotechnology-related programmes - eligibility note,Biotechnology-related programmes - eligibility note,"For Biotechnology, Computational Biology and 5-Yr Integrated M.Tech-Biotechnology, candidates who studied Physics, Chemistry and Biology in 12th grade are also eligible based on 12th grade PCB scores. Candidates applying via SAT/ACT undergo a technical and aptitude-based interview.","Also stated: for BBA (Applied Economics & Finance) and BBA (Computational Business Analytics), Mathematics in 12th grade is mandatory.",,,B.Tech in Biotechnology; B.Tech in Computational Biology; 5-year Integrated M.Tech in Biotechnology,PCB in Grade 12 accepted; technical and aptitude interview for SAT/ACT route,,,SRC-W-07,https://www.mahindrauniversity.edu.in/programs/b-tech/eligibility-criteria/,B.Tech Eligibility Criteria - Mahindra University,MU-086,,,
KN-0087,website,Admissions,B.Tech Eligibility,UGC Equivalence Certificate requirement for international curricula,UGC Equivalence Certificate requirement for international curricula,"All UG applicants who completed Class 12 under IB, Cambridge or any other international curriculum must submit a UGC Equivalence Certificate by 30 August 2026, or admission is automatically cancelled.",Equivalence portal linked on the page: https://equivalence.ugc.ac.in/ . Deadline as stated on the page.,,,,UGC Equivalence Certificate for international curriculum applicants,,,SRC-W-07,https://www.mahindrauniversity.edu.in/programs/b-tech/eligibility-criteria/,B.Tech Eligibility Criteria - Mahindra University,MU-087,,,
KN-0088,website,Admissions,B.Tech Eligibility,B.Tech entrance exams and interview (FAQ),B.Tech entrance exams and interview (FAQ),"Accepted: JEE (Main), SAT (Subject/general), ACT. For some specialisations (e.g. Biotechnology or integrated options) PCB scores may be required. Applicants via SAT/ACT, and for certain specialisations, undergo a technical and aptitude-based interview.",,,,B.Tech,,,,SRC-W-05,https://www.mahindrauniversity.edu.in/programs/b-tech/,BTech Courses and Specializations List- Mahindra University,MU-088,,,
KN-0089,website,Admissions,Scholarships,Mahindra University RISE Scholars Programme (B.Tech),Mahindra University RISE Scholars Programme (B.Tech),Merit-based scholarships for B.Tech students admitted via JEE Main score: 98 percentile and above - 100% academic (tuition) fee waiver; 96-98 percentile - 50% academic fee waiver; 94-96 percentile - 100% hostel and mess fee waiver; 90-94 percentile - 25% academic fee waiver.,"Awarded at admission for the first year. To continue for the remaining 3 years, students must maintain a minimum GPA of 7.5 at the end of each academic year without backlogs. Applicable only to students admitted with valid JEE scores. The University reserves the right to modify the policy. Scholarship PDF: https://www.mahindrauniversity.edu.in/wp-content/uploads/2026/05/Mahindra-University-RISE-Scholars-Program.pdf",,,B.Tech,,"Waivers: 100% / 50% / 25% academic fee or 100% hostel & mess, by JEE percentile band",,SRC-W-06,https://www.mahindrauniversity.edu.in/programs/b-tech/fee-structure/,B.Tech Fee Structure 2026 | Mahindra University,MU-089,,,
KN-0090,website,Admissions,Scholarships,Merit scholarship - 4-Year BBA (Hons.) in Hospitality Management,Merit scholarship - 4-Year BBA (Hons.) in Hospitality Management,Merit scholarships of up to 100% tuition fee waiver for students with 90% and above in Class 12 (or equivalent).,Shown beside 4-Year BBA (Hons.) in Hospitality Management in the site-wide 2026 admissions pop-up.,,School of Hospitality Management,4-Year BBA (Hons.) in Hospitality Management,90% and above in Class 12 (or equivalent),Up to 100% tuition fee waiver,,SRC-W-08,https://www.mahindrauniversity.edu.in/eateries/,Eateries | Mahindra University,MU-090,,,
KN-0091,website,Admissions,Quick Links,"Fee payment, academic calendar and mandatory disclosures pages","Fee payment, academic calendar and mandatory disclosures pages","The site provides Pay Fees, Academic Calendar, Mandatory Disclosures and Policies pages.",Pay fee: https://www.mahindrauniversity.edu.in/pay-fee/ ; Academic calendar: https://www.mahindrauniversity.edu.in/calendar/ ; Mandatory disclosures: https://www.mahindrauniversity.edu.in/mandatory-disclosures/ ; Policies: https://www.mahindrauniversity.edu.in/policies/ . Contents were not extracted.,,,,,,,SRC-W-02,https://www.mahindrauniversity.edu.in/,Mahindra University: Best Private University in Hyderabad,MU-091,,,
KN-0092,website,Campus & Facilities,Campus,Campus address and virtual tour,Campus address and virtual tour,"The campus is at Survey No: 62/1A, Bahadurpally, Jeedimetla, Hyderabad - 500043, Telangana, India. A Google Maps link and a 360-degree virtual campus tour are provided.",Virtual tour page: https://www.mahindrauniversity.edu.in/sites/virtual-tour-of-mu-campus.html (embedded third-party 360-degree tour; no readable text or building names could be extracted). No campus map with building names was found on the pages accessed.,"Mahindra University, Survey No: 62/1A, Bahadurpally, Jeedimetla, Hyderabad - 500043, Telangana, India",,,,,040-67135100,SRC-W-09,https://www.mahindrauniversity.edu.in/contact-us/,Contact Us - Mahindra University (MU),MU-092,,,
KN-0093,website,Campus & Facilities,Library,Vineet Nayyar Learning Resource Centre (VNLRC) - library overview,Vineet Nayyar Learning Resource Centre (VNLRC) - library overview,"VNLRC is the central knowledge hub of the university, supporting students, research scholars, faculty and staff with printed and electronic resources and technology-enabled study spaces. Total area: 36,650 square feet.",Page canonical URL: https://www.mahindrauniversity.edu.in/library-at-mahindra/,"Vineet Nayyar Learning Resource Centre (VNLRC), Mahindra University campus",,,,,,SRC-W-10,https://www.mahindrauniversity.edu.in/library/,Our E-Library and Stocks - Mahindra University (MU),MU-093,,Entity link: Vineet Nayyar Academic Block (partial_conflict); see combined_entity_overlap.csv.,Vineet Nayyar Academic Block
KN-0094,website,Campus & Facilities,Library,Library collection,Library collection,"The library holds 29,000+ books and journals across disciplines.",,VNLRC,,,,,,SRC-W-10,https://www.mahindrauniversity.edu.in/library/,Our E-Library and Stocks - Mahindra University (MU),MU-094,,,
KN-0095,website,Campus & Facilities,Library,Library automation and study spaces,Library automation and study spaces,"Full RFID automation with KOHA integrated software supports self checkout and real-time catalogue access. Reading rooms, collaborative areas and quiet zones are available.",,VNLRC,,,,,,SRC-W-10,https://www.mahindrauniversity.edu.in/library/,Our E-Library and Stocks - Mahindra University (MU),MU-095,,,
KN-0096,website,Campus & Facilities,Library,Library timings,Library timings,VNLRC: 8:00 AM-11:00 PM Monday-Friday; 9:00 AM-5:00 PM Saturday and Sunday (9:00 AM-11:00 PM on weekends during examination time). SOL: 9:00 AM-9:00 PM Monday-Friday; 9:00 AM-5:00 PM Saturday and Sunday (9:00 AM-9:00 PM on weekends during examination time).,'SOL' is not expanded on the page.,VNLRC,,,,,,SRC-W-10,https://www.mahindrauniversity.edu.in/library/,Our E-Library and Stocks - Mahindra University (MU),MU-096,,,
KN-0097,website,Campus & Facilities,Library,Library OPAC and e-resources,Library OPAC and e-resources,"OPAC (Online Public Access Catalog) lets users search books, journals and e-resources. E-journals and databases are available 24/7 with remote access.",OPAC: https://library.mahindrauniversity.edu.in/ ; Remote access: https://mahindrauniversity.refread.com/,,,,,,,SRC-W-10,https://www.mahindrauniversity.edu.in/library/,Our E-Library and Stocks - Mahindra University (MU),MU-097,,,
KN-0098,website,Campus & Facilities,Library,Library team,Library team,"Library staff listed: Srikanth Karnati (Chief Librarian); Sudheer Gudavarthi (Deputy Librarian); Vandana (Assistant Librarian); Anujesh Pratap Singh, Chintha Ranganayakulu, Jinkala Vijay Kumar and Sachin Ambedkar (Library Assistants).",,,,,,,,SRC-W-10,https://www.mahindrauniversity.edu.in/library/,Our E-Library and Stocks - Mahindra University (MU),MU-098,,,
KN-0099,website,Campus & Facilities,Residences,Student residences (hostels) overview,Student residences (hostels) overview,"Fully residential campus with on-campus student residences within walking distance of academic, recreational and dining facilities.",Individual hostel or block names are not listed on the page. Hostel stay is mandatory for B.Tech students.,On campus,,,,See B.Tech fee records for B.Tech hostel charges,,SRC-W-11,https://www.mahindrauniversity.edu.in/residences/,Residences | Mahindra University,MU-099,,Entity link: Hostels / residences (clear); see combined_entity_overlap.csv.,Hostels / residences
KN-0100,website,Campus & Facilities,Residences,Residence features and facilities,Residence features and facilities,"Furnished rooms; common areas for study, interaction and recreation; utilities and housekeeping support; internet connectivity; managed access and on-site supervision.",,On campus,,,,,,SRC-W-11,https://www.mahindrauniversity.edu.in/residences/,Residences | Mahindra University,MU-100,,Entity link: Hostels / residences (clear); see combined_entity_overlap.csv.,Hostels / residences
KN-0101,website,Campus & Facilities,Residences,Residence safety and wellbeing,Residence safety and wellbeing,"Controlled access to residential areas, on-site residential staff and support teams, protocols for safety, health and conduct, and access to campus health and support services.",A separate Campus Safety page exists: https://www.mahindrauniversity.edu.in/campus-safety/ (not extracted).,On campus,,,,,,SRC-W-11,https://www.mahindrauniversity.edu.in/residences/,Residences | Mahindra University,MU-101,,Entity link: Hostels / residences (clear); see combined_entity_overlap.csv. Also referenced by partial link to 'Health Care Centre' (MAP-011).,Hostels / residences
KN-0102,website,Campus & Facilities,Residences,Residential guidelines and orientation,Residential guidelines and orientation,Residences operate under residential guidelines; orientation programmes help new residents transition into campus living.,,,,,,,,SRC-W-11,https://www.mahindrauniversity.edu.in/residences/,Residences | Mahindra University,MU-102,,Entity link: Hostels / residences (clear); see combined_entity_overlap.csv.,Hostels / residences
KN-0103,website,Campus & Facilities,Dining,Student mess,Student mess,"The student mess provides regular meal services as part of the residential experience, in structured dining spaces designed for large student populations.",,On campus; accessible from hostels and academic blocks,,,,,,SRC-W-08,https://www.mahindrauniversity.edu.in/eateries/,Eateries | Mahindra University,MU-103,,Entity link: Academic Block (partial); see combined_entity_overlap.csv.,Academic Block
KN-0104,website,Campus & Facilities,Dining,Canteens and casual dining,Canteens and casual dining,Canteens and informal dining areas are positioned across the campus for quick meals and refreshments outside scheduled meal times.,,Across campus,,,,,,SRC-W-08,https://www.mahindrauniversity.edu.in/eateries/,Eateries | Mahindra University,MU-104,,,
KN-0105,website,Campus & Facilities,Dining,Guest and faculty dining,Guest and faculty dining,"Separate dining arrangements exist for visiting faculty, guests and institutional partners through designated hospitality facilities, including dining spaces associated with the university guesthouse.",,University guesthouse / designated hospitality facilities,,,,,,SRC-W-08,https://www.mahindrauniversity.edu.in/eateries/,Eateries | Mahindra University,MU-105,,Entity link: Guest House (clear); see combined_entity_overlap.csv.,Guest House
KN-0106,website,Campus & Facilities,Sports,Outdoor sports grounds,Outdoor sports grounds,"Dedicated grounds and courts for football, cricket, basketball, volleyball and athletics.",,On campus,,,,,,SRC-W-12,https://www.mahindrauniversity.edu.in/sports/,Sports | Mahindra University,MU-106,,Entity link: Soccer Field (partial); see combined_entity_overlap.csv.,Soccer Field
KN-0107,website,Campus & Facilities,Sports,Indoor courts and halls,Indoor courts and halls,"Indoor facilities for badminton, table tennis, snooker and other recreational games.",,On campus,,,,,,SRC-W-12,https://www.mahindrauniversity.edu.in/sports/,Sports | Mahindra University,MU-107,,,
KN-0108,website,Campus & Facilities,Sports,Gym and fitness centre,Gym and fitness centre,Gym with modern cardio and strength-training equipment.,,On campus,,,,,,SRC-W-12,https://www.mahindrauniversity.edu.in/sports/,Sports | Mahindra University,MU-108,,,
KN-0109,website,Campus & Facilities,Sports,Swimming pool,Swimming pool,A dedicated swimming pool for leisure and fitness swimming.,,On campus,,,,,,SRC-W-12,https://www.mahindrauniversity.edu.in/sports/,Sports | Mahindra University,MU-109,,,
KN-0110,website,Campus & Facilities,Sports,Jogging and fitness track,Jogging and fitness track,"A multi-lane jogging and fitness track for running, warm-ups and outdoor conditioning.",,On campus,,,,,,SRC-W-12,https://www.mahindrauniversity.edu.in/sports/,Sports | Mahindra University,MU-110,,,
KN-0111,website,Campus & Facilities,Sports,Wellness and yoga programmes,Wellness and yoga programmes,"Regular yoga sessions, fitness programmes and wellness initiatives support mental health and stress management.",,,,,,,,SRC-W-12,https://www.mahindrauniversity.edu.in/sports/,Sports | Mahindra University,MU-111,,,
KN-0112,website,Campus & Facilities,Sports,Student sports clubs and tournaments,Student sports clubs and tournaments,"Active sports clubs: Football, Cricket, Badminton, Table tennis, Basketball, Volleyball, Tennis, Snooker. AIRO is the annual multi-sport event; students also join inter-university tournaments.",,,,,,,,SRC-W-12,https://www.mahindrauniversity.edu.in/sports/,Sports | Mahindra University,MU-112,,,
KN-0113,website,Campus & Facilities,Classrooms,Classrooms and smart classroom features,Classrooms and smart classroom features,"Most teaching spaces have smart classroom technology (digital presentation, audio-visual support, interactive tools), flexible seating layouts, integrated projection and sound systems, and ergonomic comfort features.",Smaller classrooms support seminar-style discussion; larger lecture halls accommodate cohort-based learning. Classrooms are described as accessible and inclusive. Support for blended and hybrid instruction.,"On campus, serving engineering, management, law and sciences programmes",,,,,,SRC-W-13,https://www.mahindrauniversity.edu.in/classrooms/,Classrooms | Mahindra University,MU-113,,,
KN-0114,website,Student Life,Overview,Student life and clubs overview,Student life and clubs overview,Homepage states students engage in 75+ clubs and host fests. The Student Clubs page meta description states 40+ student clubs; 48 entries are listed on that page.,The '75+' (homepage) and '40+' (Student Clubs page) figures differ on the site. Student clubs page: https://www.mahindrauniversity.edu.in/student-clubs/,,,,,,,SRC-W-02,https://www.mahindrauniversity.edu.in/,Mahindra University: Best Private University in Hyderabad,MU-114,,,
KN-0115,website,Student Life,Student Clubs,AeiForia - The Sustainability Club,AeiForia - The Sustainability Club,"Promotes sustainable practices and environmental awareness on campus through drives, design projects and student campaigns.",,,,,,,,SRC-W-14,https://www.mahindrauniversity.edu.in/student-clubs/,Student Clubs | Mahindra University,MU-115,,,
KN-0116,website,Student Life,Student Clubs,Aether & AIRO Committees,Aether & AIRO Committees,"Manage the university's annual techno-cultural festival (Aether) and sports festival (AIRO); students lead planning, creative direction, logistics and execution.",,,,,,,,SRC-W-14,https://www.mahindrauniversity.edu.in/student-clubs/,Student Clubs | Mahindra University,MU-116,,,
KN-0117,website,Student Life,Student Clubs,AIESEC at Mahindra University,AIESEC at Mahindra University,"Connects MU students to a global youth network for leadership, exchange and service learning, including international internships and social impact projects.",,,,,,,,SRC-W-14,https://www.mahindrauniversity.edu.in/student-clubs/,Student Clubs | Mahindra University,MU-117,,,
KN-0118,website,Student Life,Student Clubs,Ambrosia - The Biology Club,Ambrosia - The Biology Club,"Explores biology through experiments, workshops and field studies.",,,,,,,,SRC-W-14,https://www.mahindrauniversity.edu.in/student-clubs/,Student Clubs | Mahindra University,MU-118,,,
KN-0119,website,Student Life,Student Clubs,Amartya - The Finance Club,Amartya - The Finance Club,"Studies how finance shapes innovation and enterprise through discussions, simulations and analysis.",,,,,,,,SRC-W-14,https://www.mahindrauniversity.edu.in/student-clubs/,Student Clubs | Mahindra University,MU-119,,,
KN-0120,website,Student Life,Student Clubs,Art Felt Club,Art Felt Club,"A space for creative expression in art and design through workshops, exhibitions and collaborative projects.",,,,,,,,SRC-W-14,https://www.mahindrauniversity.edu.in/student-clubs/,Student Clubs | Mahindra University,MU-120,,,
KN-0121,website,Student Life,Student Clubs,ASCE Student Chapter,ASCE Student Chapter,Engages civil engineering students in real-world design and infrastructure applications; promotes sustainable construction and professional growth.,,,,,,,,SRC-W-14,https://www.mahindrauniversity.edu.in/student-clubs/,Student Clubs | Mahindra University,MU-121,,,
KN-0122,website,Student Life,Student Clubs,AUV Club,AUV Club,"Builds and tests autonomous underwater vehicles for research and competition, blending mechanical, electronic and software skills.",,,,,,,,SRC-W-14,https://www.mahindrauniversity.edu.in/student-clubs/,Student Clubs | Mahindra University,MU-122,,,
KN-0123,website,Student Life,Student Clubs,BAJA SAE Team,BAJA SAE Team,Designs and fabricates off-road vehicles to compete in national SAE events.,Listed separately from 'SAE BAJA Division' on the page.,,,,,,,SRC-W-14,https://www.mahindrauniversity.edu.in/student-clubs/,Student Clubs | Mahindra University,MU-123,,,
KN-0124,website,Student Life,Student Clubs,Celeste - The Astronomy Club,Celeste - The Astronomy Club,"Astronomy and astrophysics through observation, research and discussions, open to students from every discipline.",,,,,,,,SRC-W-14,https://www.mahindrauniversity.edu.in/student-clubs/,Student Clubs | Mahindra University,MU-124,,,
KN-0125,website,Student Life,Student Clubs,Coding Ninjas MU Chapter,Coding Ninjas MU Chapter,Strengthens programming and problem-solving skills through coding challenges and mentorship.,,,,,,,,SRC-W-14,https://www.mahindrauniversity.edu.in/student-clubs/,Student Clubs | Mahindra University,MU-125,,,
KN-0126,website,Student Life,Student Clubs,Community Service Club (Outreach),Community Service Club (Outreach),"Education drives, environmental clean-ups and other student social-impact initiatives.",Listed separately from 'Outreach & Social Impact Club' on the page.,,,,,,,SRC-W-14,https://www.mahindrauniversity.edu.in/student-clubs/,Student Clubs | Mahindra University,MU-126,,,
KN-0127,website,Student Life,Student Clubs,Cyber Security Club (Secret Garden),Cyber Security Club (Secret Garden),"Workshops, capture-the-flag challenges and discussions on ethical hacking and cybersecurity.",Listed separately from 'Secret Garden - Cybersecurity Club' on the page.,,,,,,,SRC-W-14,https://www.mahindrauniversity.edu.in/student-clubs/,Student Clubs | Mahindra University,MU-127,,Possible same club as MU-155; see combined_duplicate_review.csv.,
KN-0128,website,Student Life,Student Clubs,Dance Club - 8 Counts,Dance Club - 8 Counts,"Diverse dance forms, from stage performances to cultural fests.",,,,,,,,SRC-W-14,https://www.mahindrauniversity.edu.in/student-clubs/,Student Clubs | Mahindra University,MU-128,,,
KN-0129,website,Student Life,Student Clubs,Debate & Literary Club (Erudite),Debate & Literary Club (Erudite),"Debates, readings and writing sessions to build clear thinking and confident speaking.",Listed separately from 'Literary Society - The Erudite Club' on the page.,,,,,,,SRC-W-14,https://www.mahindrauniversity.edu.in/student-clubs/,Student Clubs | Mahindra University,MU-129,,,
KN-0130,website,Student Life,Student Clubs,Echo - MU Monthly Newspaper,Echo - MU Monthly Newspaper,"Documents university life through news, interviews and creative stories; builds journalistic, editorial and design skills.",,,,,,,,SRC-W-14,https://www.mahindrauniversity.edu.in/student-clubs/,Student Clubs | Mahindra University,MU-130,,,
KN-0131,website,Student Life,Student Clubs,Electronics & IoT Club (Lincoln Labs),Electronics & IoT Club (Lincoln Labs),"Members design embedded systems and IoT devices, building circuits and prototypes.",,,,,,,,SRC-W-14,https://www.mahindrauniversity.edu.in/student-clubs/,Student Clubs | Mahindra University,MU-131,,,
KN-0132,website,Student Life,Student Clubs,Entrepreneurship & Innovation Cell (EIC),Entrepreneurship & Innovation Cell (EIC),"Supports ideation, mentorship and startup incubation for students.",,,,,,,,SRC-W-14,https://www.mahindrauniversity.edu.in/student-clubs/,Student Clubs | Mahindra University,MU-132,,,
KN-0133,website,Student Life,Student Clubs,Enigma - Computer Science Club,Enigma - Computer Science Club,"Hands-on learning in algorithms, data structures and software development through peer teaching and projects.",,,,,,,,SRC-W-14,https://www.mahindrauniversity.edu.in/student-clubs/,Student Clubs | Mahindra University,MU-133,,,
KN-0134,website,Student Life,Student Clubs,Evolve Club,Evolve Club,"Focuses on mental wellness and personal growth through group activities, guided sessions and workshops.",,,,,,,,SRC-W-14,https://www.mahindrauniversity.edu.in/student-clubs/,Student Clubs | Mahindra University,MU-134,,,
KN-0135,website,Student Life,Student Clubs,Finance & Economics Society,Finance & Economics Society,"Connects economic theory to financial practice through market analysis, policy discussions and case studies.",,,,,,,,SRC-W-14,https://www.mahindrauniversity.edu.in/student-clubs/,Student Clubs | Mahindra University,MU-135,,,
KN-0136,website,Student Life,Student Clubs,Gas Monkeys Racing,Gas Monkeys Racing,Designs and builds performance vehicles for national engineering competitions.,,,,,,,,SRC-W-14,https://www.mahindrauniversity.edu.in/student-clubs/,Student Clubs | Mahindra University,MU-136,,,
KN-0137,website,Student Life,Student Clubs,Gender & Inclusion Forum - MU Athena,Gender & Inclusion Forum - MU Athena,"Promotes diversity, equity and inclusion through awareness campaigns and discussions.",,,,,,,,SRC-W-14,https://www.mahindrauniversity.edu.in/student-clubs/,Student Clubs | Mahindra University,MU-137,,,
KN-0138,website,Student Life,Student Clubs,Haven - Animal Welfare Club,Haven - Animal Welfare Club,"Advocates animal care through awareness, rescue drives, adoption camps and volunteer work.",,,,,,,,SRC-W-14,https://www.mahindrauniversity.edu.in/student-clubs/,Student Clubs | Mahindra University,MU-138,,,
KN-0139,website,Student Life,Student Clubs,ISB Technology Entrepreneurship Programme,ISB Technology Entrepreneurship Programme,In partnership with the Indian School of Business; entrepreneurial leadership through experiential learning and mentorship in technology-driven ventures.,,,,,,,,SRC-W-14,https://www.mahindrauniversity.edu.in/student-clubs/,Student Clubs | Mahindra University,MU-139,,,
KN-0140,website,Student Life,Student Clubs,Kalakriti - Cultural Club,Kalakriti - Cultural Club,"Music, dance, art and cultural exchange; performances and celebrations of Indian tradition.",,,,,,,,SRC-W-14,https://www.mahindrauniversity.edu.in/student-clubs/,Student Clubs | Mahindra University,MU-140,,,
KN-0141,website,Student Life,Student Clubs,Literary Society - The Erudite Club,Literary Society - The Erudite Club,"Literature, debate and creative writing.",Listed separately from 'Debate & Literary Club (Erudite)' on the page.,,,,,,,SRC-W-14,https://www.mahindrauniversity.edu.in/student-clubs/,Student Clubs | Mahindra University,MU-141,,,
KN-0142,website,Student Life,Student Clubs,Management Consulting Group (MCG),Management Consulting Group (MCG),Simulates real consulting challenges to develop analytical and problem-solving abilities.,,,,,,,,SRC-W-14,https://www.mahindrauniversity.edu.in/student-clubs/,Student Clubs | Mahindra University,MU-142,,,
KN-0143,website,Student Life,Student Clubs,Marketing Club - Vipanan,Marketing Club - Vipanan,"Strategy, branding and campaign design through competitions and marketing simulations.",,,,,,,,SRC-W-14,https://www.mahindrauniversity.edu.in/student-clubs/,Student Clubs | Mahindra University,MU-143,,,
KN-0144,website,Student Life,Student Clubs,Math Club,Math Club,"Puzzles, proofs and discussions on mathematics.",,,,,,,,SRC-W-14,https://www.mahindrauniversity.edu.in/student-clubs/,Student Clubs | Mahindra University,MU-144,,,
KN-0145,website,Student Life,Student Clubs,Media Club,Media Club,"Produces and curates visual content for campus events: photography, videography and digital storytelling.",,,,,,,,SRC-W-14,https://www.mahindrauniversity.edu.in/student-clubs/,Student Clubs | Mahindra University,MU-145,,,
KN-0146,website,Student Life,Student Clubs,Model United Nations (MU MUN),Model United Nations (MU MUN),"Simulates international diplomacy and negotiation; builds public speaking, research and negotiation skills.",,,,,,,,SRC-W-14,https://www.mahindrauniversity.edu.in/student-clubs/,Student Clubs | Mahindra University,MU-146,,,
KN-0147,website,Student Life,Student Clubs,NSS Unit (National Service Scheme),NSS Unit (National Service Scheme),Volunteerism and community service initiatives.,,,,,,,,SRC-W-14,https://www.mahindrauniversity.edu.in/student-clubs/,Student Clubs | Mahindra University,MU-147,,,
KN-0148,website,Student Life,Student Clubs,Orion Club - Aeronautics Society,Orion Club - Aeronautics Society,"Designs and studies aircraft systems through applied research and projects (aerodynamics, propulsion, aerospace design).",,,,,,,,SRC-W-14,https://www.mahindrauniversity.edu.in/student-clubs/,Student Clubs | Mahindra University,MU-148,,,
KN-0149,website,Student Life,Student Clubs,Outreach & Social Impact Club,Outreach & Social Impact Club,"Teaching, awareness and support programmes extending MU's community values beyond campus.",Listed separately from 'Community Service Club (Outreach)' on the page.,,,,,,,SRC-W-14,https://www.mahindrauniversity.edu.in/student-clubs/,Student Clubs | Mahindra University,MU-149,,,
KN-0150,website,Student Life,Student Clubs,Palaestro - Fitness Club,Palaestro - Fitness Club,"Group workouts, challenges and events promoting an active lifestyle.",,,,,,,,SRC-W-14,https://www.mahindrauniversity.edu.in/student-clubs/,Student Clubs | Mahindra University,MU-150,,,
KN-0151,website,Student Life,Student Clubs,Power Speakers Club,Power Speakers Club,Public speaking and leadership workshops with feedback.,,,,,,,,SRC-W-14,https://www.mahindrauniversity.edu.in/student-clubs/,Student Clubs | Mahindra University,MU-151,,,
KN-0152,website,Student Life,Student Clubs,Roboverse - Robotics Club,Roboverse - Robotics Club,"Designs and prototypes intelligent robotic systems integrating mechanics, electronics and AI.",,,,,,,,SRC-W-14,https://www.mahindrauniversity.edu.in/student-clubs/,Student Clubs | Mahindra University,MU-152,,,
KN-0153,website,Student Life,Student Clubs,SAE Aero Division,SAE Aero Division,Aircraft design and testing for national-level competitions.,,,,,,,,SRC-W-14,https://www.mahindrauniversity.edu.in/student-clubs/,Student Clubs | Mahindra University,MU-153,,,
KN-0154,website,Student Life,Student Clubs,SAE BAJA Division,SAE BAJA Division,"Designs, builds and races off-road vehicles for BAJA events.",Listed separately from 'BAJA SAE Team' on the page.,,,,,,,SRC-W-14,https://www.mahindrauniversity.edu.in/student-clubs/,Student Clubs | Mahindra University,MU-154,,,
KN-0155,website,Student Life,Student Clubs,Secret Garden - Cybersecurity Club,Secret Garden - Cybersecurity Club,Training in ethical hacking and secure software design.,Listed separately from 'Cyber Security Club (Secret Garden)' on the page.,,,,,,,SRC-W-14,https://www.mahindrauniversity.edu.in/student-clubs/,Student Clubs | Mahindra University,MU-155,,Possible same club as MU-127; see combined_duplicate_review.csv.,
KN-0156,website,Student Life,Student Clubs,SPIC MACAY - MU Chapter,SPIC MACAY - MU Chapter,Hosts classical music and art performances.,,,,,,,,SRC-W-14,https://www.mahindrauniversity.edu.in/student-clubs/,Student Clubs | Mahindra University,MU-156,,,
KN-0157,website,Student Life,Student Clubs,SRELP - Society for Research in Environmental Law & Policy,SRELP - Society for Research in Environmental Law & Policy,"Combines law and sustainability through seminars, writing and policy research.",,,,,,,,SRC-W-14,https://www.mahindrauniversity.edu.in/student-clubs/,Student Clubs | Mahindra University,MU-157,,,
KN-0158,website,Student Life,Student Clubs,Synolo - Music Club,Synolo - Music Club,Brings together singers and musicians to perform across genres.,,,,,,,,SRC-W-14,https://www.mahindrauniversity.edu.in/student-clubs/,Student Clubs | Mahindra University,MU-158,,,
KN-0159,website,Student Life,Student Clubs,TEDx Mahindra University,TEDx Mahindra University,"Organises independently curated TEDx events; students learn curation, production and event management.",,,,,,,,SRC-W-14,https://www.mahindrauniversity.edu.in/student-clubs/,Student Clubs | Mahindra University,MU-159,,,
KN-0160,website,Student Life,Student Clubs,The Fashion Club - Voguenze,The Fashion Club - Voguenze,"Designs, styles and showcases fashion as creative storytelling.",,,,,,,,SRC-W-14,https://www.mahindrauniversity.edu.in/student-clubs/,Student Clubs | Mahindra University,MU-160,,,
KN-0161,website,Student Life,Student Clubs,The Yoga Club,The Yoga Club,Structured yoga sessions promoting physical and mental harmony.,,,,,,,,SRC-W-14,https://www.mahindrauniversity.edu.in/student-clubs/,Student Clubs | Mahindra University,MU-161,,,
KN-0162,website,Student Life,Student Clubs,Zenith Science Club,Zenith Science Club,"Experimentation and inquiry across disciplines through demonstrations, outreach sessions and discussions.",,,,,,,,SRC-W-14,https://www.mahindrauniversity.edu.in/student-clubs/,Student Clubs | Mahindra University,MU-162,,,
KN-0163,website,Research & Innovation,Overview,Research and discovery at Mahindra University,Research and discovery at Mahindra University,"Homepage states students collaborate on funded projects and publish with faculty, with innovation across AI, energy, healthcare and sustainability through advanced labs, consultancy initiatives and global partnerships.",Figures shown: 1500+ publications in national and international peer-reviewed journals; 20+ active research areas; 15+ funded consultancy projects. Research overview page: https://www.mahindrauniversity.edu.in/research/,,,,,,,SRC-W-02,https://www.mahindrauniversity.edu.in/,Mahindra University: Best Private University in Hyderabad,MU-163,,,
KN-0164,website,Research & Innovation,Research Pages,Research and Innovation section pages,Research and Innovation section pages,Research menu pages: Research Labs; Publications & Patents; Research-based Consultancy; Sponsored Research Programmes; Research MoUs & Agreements; Advisory Council; Expertise Finder; Conferences; News & Press Releases.,Research labs: https://www.mahindrauniversity.edu.in/research/research-labs-at-mu/ ; publications: https://www.mahindrauniversity.edu.in/research/publications-and-patents/ ; consultancy: https://www.mahindrauniversity.edu.in/research/research-based-consultancy/ ; sponsored research: https://www.mahindrauniversity.edu.in/research/sponsored-research-programs/ ; MoUs: https://www.mahindrauniversity.edu.in/research/mous-agreements/ ; advisory council: https://www.mahindrauniversity.edu.in/research/advisory-council/ ; conferences: https://www.mahindrauniversity.edu.in/conference-workshop/ . Contents not extracted.,,,,,,,SRC-W-02,https://www.mahindrauniversity.edu.in/,Mahindra University: Best Private University in Hyderabad,MU-164,,,
KN-0165,website,Research & Innovation,Entrepreneurship,Innovation and entrepreneurship ecosystem,Innovation and entrepreneurship ecosystem,"Homepage describes a Babson-partnered centre, a student-led E-Cell and a full incubation hub, with sections on student projects, incubations and global partners.",Centre for Entrepreneurship and Innovation page: https://www.mahindrauniversity.edu.in/about-cei/,,Centre for Entrepreneurship and Innovation,,,,,SRC-W-02,https://www.mahindrauniversity.edu.in/,Mahindra University: Best Private University in Hyderabad,MU-165,,,
KN-0166,website,Placements & Careers,Overview,Placements and outcomes - key figures,Placements and outcomes - key figures,"Homepage states 4000+ placements to date, 400+ companies, 250+ graduate acceptances for advanced study and 400+ recruiters.",About Us page states 100+ recruiters for the same statistic. Placement page: https://www.mahindrauniversity.edu.in/placement/ (not extracted). Internships page: https://www.mahindrauniversity.edu.in/placement/internships/ (not extracted).,,,,,,,SRC-W-02,https://www.mahindrauniversity.edu.in/,Mahindra University: Best Private University in Hyderabad,MU-166,,,
KN-0167,website,Placements & Careers,Contact,Career-related queries,Career-related queries,Career-related queries can be sent to careers@mahindrauniversity.edu.in or 040-67135160.,,,,,,,careers@mahindrauniversity.edu.in; 040-67135160,SRC-W-09,https://www.mahindrauniversity.edu.in/contact-us/,Contact Us - Mahindra University (MU),MU-167,,,
KN-0168,website,Events & News,Events,ICETCI 2026,ICETCI 2026,The Sixth International Conference on Emerging Techniques in Computational Intelligence. Homepage event card date: 19 Aug; an Instagram post on the homepage gives conference dates as 19-22 August 2026.,Event page: https://www.mahindrauniversity.edu.in/events/icetci-2026/ (page not extracted),,,,,,,SRC-W-02,https://www.mahindrauniversity.edu.in/,Mahindra University: Best Private University in Hyderabad,MU-168,,,
KN-0169,website,Events & News,Events,Periodic Risk Tables: Toolkit for Developing Resilient Organisations,Periodic Risk Tables: Toolkit for Developing Resilient Organisations,Event about the Periodic Table of Enterprise Risks (PTER) and Periodic Risk Tables (PRTs). Homepage card date: 19 Jun.,Event page: https://www.mahindrauniversity.edu.in/events/periodic-risk-tables-toolkit-for-developing-resilient-organisations/ (page not extracted),,,,,,,SRC-W-02,https://www.mahindrauniversity.edu.in/,Mahindra University: Best Private University in Hyderabad,MU-169,,,
KN-0170,website,Events & News,Events,Full-day Workshop on Research Grant Writing,Full-day Workshop on Research Grant Writing,Workshop by the MU-VT Interdisciplinary Advanced Research Center for Transformative Technologies (IARCT2) with Virginia Tech. Homepage card date: 27 Feb.,Event page: https://www.mahindrauniversity.edu.in/events/full-day-workshop-on-research-grant-writing/ (page not extracted),,,,,,,SRC-W-02,https://www.mahindrauniversity.edu.in/,Mahindra University: Best Private University in Hyderabad,MU-170,,,
KN-0171,website,Events & News,Events,AIRO 2026,AIRO 2026,Mahindra University's inter-collegiate sports fest. Homepage card date: 29 Jan.,Event page: https://www.mahindrauniversity.edu.in/events/airo-2026/ (page not extracted),,,,,,,SRC-W-02,https://www.mahindrauniversity.edu.in/,Mahindra University: Best Private University in Hyderabad,MU-171,,,
KN-0172,website,Events & News,Events,Workshop on Trends in Modern Decision Making: Applications of MCDM and Optimisation,Workshop on Trends in Modern Decision Making: Applications of MCDM and Optimisation,"Homepage card date 15 Dec; the card text mentions a 5-day event at Mahindra University, Hyderabad, from June 23-27, 2025 (dates differ on the card).",Event page: https://www.mahindrauniversity.edu.in/events/workshop-on-trends-in-modern-decision-making-applications-of-mcdm-and-optimisation/ (page not extracted),,,,,,,SRC-W-02,https://www.mahindrauniversity.edu.in/,Mahindra University: Best Private University in Hyderabad,MU-172,,,
KN-0173,website,Events & News,Events,Amish Tripathi session on mythology,Amish Tripathi session on mythology,The Erudite - Literary and Debate Club hosted an evening of questions and answers with Amish Tripathi. Homepage card date: 1 Oct.,Event page: https://www.mahindrauniversity.edu.in/events/amish-tripathi-enthralls-students-in-an-evening-filled-with-questions-and-answers-on-mythology/ (page not extracted),,,,,,,SRC-W-02,https://www.mahindrauniversity.edu.in/,Mahindra University: Best Private University in Hyderabad,MU-173,,,
KN-0174,website,Events & News,Events,ICPEEV 2026,ICPEEV 2026,"IEEE IES technically co-sponsored first International Conference on Cyber Physical Systems, Power Electronics and Electric Vehicles - 2026.",Event page: https://www.mahindrauniversity.edu.in/conference-workshop/icpeev-2026/ (page not extracted),,,,,,,SRC-W-02,https://www.mahindrauniversity.edu.in/,Mahindra University: Best Private University in Hyderabad,MU-174,,,
KN-0175,website,Events & News,Events,International Conference on Contemporary Communication and Secure Networks (CCSN),International Conference on Contemporary Communication and Secure Networks (CCSN),Listed as an announcement on the homepage.,Event page: https://www.mahindrauniversity.edu.in/conference-workshop/ccsn-2026/ (page not extracted),,,,,,,SRC-W-02,https://www.mahindrauniversity.edu.in/,Mahindra University: Best Private University in Hyderabad,MU-175,,,
KN-0176,website,Events & News,News,Massey University partnership,Massey University partnership,Mahindra University and Massey University celebrate a new partnership with a delegation visit to New Zealand.,Article: https://www.mahindrauniversity.edu.in/media-releases/mahindra-university-and-massey-university-celebrate-new-partnership-with-delegation-visit-to-new-zealand/ (headline only; article not extracted). Media page: https://www.mahindrauniversity.edu.in/media-releases/,,,,,,,SRC-W-02,https://www.mahindrauniversity.edu.in/,Mahindra University: Best Private University in Hyderabad,MU-176,,,
KN-0177,website,Events & News,News,Monetisation of M&M shares received as endowment contribution,Monetisation of M&M shares received as endowment contribution,Announcement about monetisation of M&M shares received as an endowment contribution.,Article: https://www.mahindrauniversity.edu.in/media-releases/announcing-monetisation-of-mm-shares-received-as-endowment-contribution/ (headline only; article not extracted). Media page: https://www.mahindrauniversity.edu.in/media-releases/,,,,,,,SRC-W-02,https://www.mahindrauniversity.edu.in/,Mahindra University: Best Private University in Hyderabad,MU-177,,,
KN-0178,website,Events & News,News,Contribution of M&M shares by Anuradha and Anand Mahindra,Contribution of M&M shares by Anuradha and Anand Mahindra,Announcement of a contribution of M&M shares by Anuradha and Anand Mahindra to Mahindra University.,Article: https://www.mahindrauniversity.edu.in/media-releases/announcing-contribution-of-mm-shares-by-anuradha-and-anand-mahindra-to-mahindra-university/ (headline only; article not extracted). Media page: https://www.mahindrauniversity.edu.in/media-releases/,,,,,,,SRC-W-02,https://www.mahindrauniversity.edu.in/,Mahindra University: Best Private University in Hyderabad,MU-178,,,
KN-0179,website,Events & News,News,Bishnu Pal wins 2026 Sang Soo Lee Award from Optica,Bishnu Pal wins 2026 Sang Soo Lee Award from Optica,Mahindra University's Bishnu Pal wins the 2026 Sang Soo Lee Award from Optica.,Article: https://www.mahindrauniversity.edu.in/media-releases/mahindra-universitys-bishnu-pal-wins-prestigious-2026-sang-soo-lee-award-from-optica/ (headline only; article not extracted). Media page: https://www.mahindrauniversity.edu.in/media-releases/,,,,,,,SRC-W-02,https://www.mahindrauniversity.edu.in/,Mahindra University: Best Private University in Hyderabad,MU-179,,,
KN-0180,website,Events & News,News,Partnership with Boltzmann Labs,Partnership with Boltzmann Labs,Mahindra University partners with Boltzmann Labs to advance AI-driven life sciences research.,Article: https://www.mahindrauniversity.edu.in/media-releases/mahindra-university-partners-with-boltzmann-labs-to-advance-ai-driven-life-sciences-research/ (headline only; article not extracted). Media page: https://www.mahindrauniversity.edu.in/media-releases/,,,,,,,SRC-W-02,https://www.mahindrauniversity.edu.in/,Mahindra University: Best Private University in Hyderabad,MU-180,,,
KN-0181,website,Contact,General,General contact details,General contact details,"Address: Survey No: 62/1A, Bahadurpally, Jeedimetla, Hyderabad - 500043, Telangana. Landline 040-67135100. Mobile +91 9618592999. WhatsApp 9121314154. Alternative email info@mahindrauniversity.edu.in.","The page labels mahindrauni.hyd@gmail.com as the general enquiries email, while that link's mailto target is admissions@mahindrauniversity.edu.in. Shown as displayed.","Mahindra University, Survey No: 62/1A, Bahadurpally, Jeedimetla, Hyderabad - 500043, Telangana, India",,,,,040-67135100; +91 9618592999; WhatsApp 9121314154; info@mahindrauniversity.edu.in; mahindrauni.hyd@gmail.com,SRC-W-09,https://www.mahindrauniversity.edu.in/contact-us/,Contact Us - Mahindra University (MU),MU-181,,,
KN-0182,website,Contact,Admissions,Admissions office - general enquiries,Admissions office - general enquiries,Admission-related enquiries: admissions@mahindrauniversity.edu.in.,Physical location of the admissions office is not stated on the pages accessed.,,,,,,admissions@mahindrauniversity.edu.in,SRC-W-09,https://www.mahindrauniversity.edu.in/contact-us/,Contact Us - Mahindra University (MU),MU-182,,,
KN-0183,website,Contact,Admissions,MBA admissions contact,MBA admissions contact,MBA admissions: mba.admissions@mahindrauniversity.edu.in; +91-9963427036 / +91-9963476964.,,,,MBA,,,mba.admissions@mahindrauniversity.edu.in; +91-9963427036; +91-9963476964,SRC-W-09,https://www.mahindrauniversity.edu.in/contact-us/,Contact Us - Mahindra University (MU),MU-183,,,
KN-0184,website,Contact,Admissions,BBA / B.A. admissions contact,BBA / B.A. admissions contact,BBA/B.A. admissions - South & West: +91 9553433789; North & East: +91 7318551441 and +91 981134637 (as displayed).,,,,BBA; B.A.,,,South & West: +91 9553433789; North & East: +91 7318551441; +91 981134637 (as displayed),SRC-W-09,https://www.mahindrauniversity.edu.in/contact-us/,Contact Us - Mahindra University (MU),MU-184,,,
KN-0185,website,Contact,Admissions,School of Law admissions contact,School of Law admissions contact,School of Law admissions: +91 9154865736 and +91 9154865738.,,,School of Law,,,,+91 9154865736; +91 9154865738,SRC-W-09,https://www.mahindrauniversity.edu.in/contact-us/,Contact Us - Mahindra University (MU),MU-185,,,
KN-0186,website,Contact,Admissions,Executive Education contact,Executive Education contact,Executive education: executive.education@mahindrauniversity.edu.in; +91 9059538001.,,,Centre for Executive Education,,,,executive.education@mahindrauniversity.edu.in; +91 9059538001,SRC-W-09,https://www.mahindrauniversity.edu.in/contact-us/,Contact Us - Mahindra University (MU),MU-186,,,
KN-0187,website,Contact,Admissions,Head - Marketing and Admissions,Head - Marketing and Admissions,"Rakesh Sreedharan, Head - Marketing and Admissions: rakesh.s@mahindrauniversity.edu.in; mobile 9000188919; landline 040-67135188.",,,,,,,rakesh.s@mahindrauniversity.edu.in; 9000188919; 040-67135188,SRC-W-09,https://www.mahindrauniversity.edu.in/contact-us/,Contact Us - Mahindra University (MU),MU-187,,,
KN-0188,website,Contact,Admissions,Regional admissions contacts,Regional admissions contacts,"Ajay Mishra (Uttar Pradesh): ajay.mishra@mahindrauniversity.edu.in, 7705996324. Dibyendu Karmakar (West Bengal, North Eastern States, Odisha, Jharkhand, Chhattisgarh): dibyendu.karmakar@mahindrauniversity.edu.in, 9874838333. Abhinandan Kashyap (Delhi/NCR, Haryana, Punjab, Himachal Pradesh, Uttarakhand, Jammu & Kashmir): abhinandan.kashyap@mahindrauniversity.edu.in, 7982759762.",,,,,,,ajay.mishra@mahindrauniversity.edu.in; dibyendu.karmakar@mahindrauniversity.edu.in; abhinandan.kashyap@mahindrauniversity.edu.in,SRC-W-09,https://www.mahindrauniversity.edu.in/contact-us/,Contact Us - Mahindra University (MU),MU-188,,,
KN-0189,website,Contact,Other,Branding enquiries,Branding enquiries,Branding enquiries: branding@mahindrauniversity.edu.in.,,,,,,,branding@mahindrauniversity.edu.in,SRC-W-09,https://www.mahindrauniversity.edu.in/contact-us/,Contact Us - Mahindra University (MU),MU-189,,,
KN-0190,website,Contact,Other,Social media channels,Social media channels,"Official channels: Facebook (MahindraUni), Twitter (MahindraUni), Instagram (mahindrauni), LinkedIn (Mahindra Ecole Centrale school page) and YouTube.",Facebook: https://www.facebook.com/MahindraUni ; Twitter: https://twitter.com/MahindraUni ; Instagram: https://www.instagram.com/mahindrauni/,,,,,,,SRC-W-02,https://www.mahindrauniversity.edu.in/,Mahindra University: Best Private University in Hyderabad,MU-190,,,
KN-0191,campus_map,academic,,École Centrale School of Engineering,École Centrale School of Engineering,Label visible; spelling verify,,,,,,,,SRC-M-01,,closeup,MAP-001,pending_university_confirmation,"Entity link: École Centrale School of Engineering (clear); see combined_entity_overlap.csv. Source: campus_map_observations.csv; no map name, image filename or URL is recorded in the source file. Label observation kept verbatim in description.",École Centrale School of Engineering
KN-0192,campus_map,academic,,Academic Block,Academic Block,Label visible,,,,,,,,SRC-M-01,,closeup,MAP-002,pending_university_confirmation,"Entity link: Academic Block (partial); see combined_entity_overlap.csv. Source: campus_map_observations.csv; no map name, image filename or URL is recorded in the source file. Label observation kept verbatim in description.",Academic Block
KN-0193,campus_map,academic,,Vineet Nayyar Academic Block,Vineet Nayyar Academic Block,Label visible,,,,,,,,SRC-M-01,,closeup,MAP-003,pending_university_confirmation,"Entity link: Vineet Nayyar Academic Block (partial_conflict); see combined_entity_overlap.csv. Source: campus_map_observations.csv; no map name, image filename or URL is recorded in the source file. Label observation kept verbatim in description.",Vineet Nayyar Academic Block
KN-0194,campus_map,residential,,Hostels,Hostels,Multiple hostel areas visible; numbering verify,,,,,,,,SRC-M-01,,closeup,MAP-004,pending_university_confirmation,"Entity link: Hostels / residences (clear); see combined_entity_overlap.csv. Source: campus_map_observations.csv; no map name, image filename or URL is recorded in the source file. Label observation kept verbatim in description.",Hostels / residences
KN-0195,campus_map,residential,,Guest House,Guest House,Label visible,,,,,,,,SRC-M-01,,closeup,MAP-005,pending_university_confirmation,"Entity link: Guest House (clear); see combined_entity_overlap.csv. Source: campus_map_observations.csv; no map name, image filename or URL is recorded in the source file. Label observation kept verbatim in description.",Guest House
KN-0196,campus_map,sports,,Soccer Field,Soccer Field,Label visible,,,,,,,,SRC-M-01,,closeup,MAP-006,pending_university_confirmation,"Entity link: Soccer Field (partial); see combined_entity_overlap.csv. Source: campus_map_observations.csv; no map name, image filename or URL is recorded in the source file. Label observation kept verbatim in description.",Soccer Field
KN-0197,campus_map,utility,,Convention Centre,Convention Centre,Label visible,,,,,,,,SRC-M-01,,closeup,MAP-007,pending_university_confirmation,"Entity link: Convention Centre / Center (campus_map_only); see combined_entity_overlap.csv. Source: campus_map_observations.csv; no map name, image filename or URL is recorded in the source file. Label observation kept verbatim in description.",Convention Centre / Center
KN-0198,campus_map,utility,,NCC Office,NCC Office,Label visible,,,,,,,,SRC-M-01,,closeup,MAP-008,pending_university_confirmation,"Entity link: NCC Office (campus_map_only); see combined_entity_overlap.csv. Source: campus_map_observations.csv; no map name, image filename or URL is recorded in the source file. Label observation kept verbatim in description.",NCC Office
KN-0199,campus_map,utility,,Infra Office,Infra Office,Label visible,,,,,,,,SRC-M-01,,closeup,MAP-009,pending_university_confirmation,"Entity link: Infra Office (campus_map_only); see combined_entity_overlap.csv. Source: campus_map_observations.csv; no map name, image filename or URL is recorded in the source file. Label observation kept verbatim in description.",Infra Office
KN-0200,campus_map,wayfinding,,Main Gate,Main Gate,,,"Sign says left arrow, 7 min from sign",,,,,,SRC-M-02,,full_sign,MAP-010,pending_university_confirmation,"Entity link: Main Gate (campus_map_only); see combined_entity_overlap.csv. Source: campus_map_observations.csv; no map name, image filename or URL is recorded in the source file. Sign observation kept verbatim in location.",Main Gate
KN-0201,campus_map,wayfinding,,Health Care Centre,Health Care Centre,,,"Sign says straight, 1 min from sign",,,,,,SRC-M-02,,full_sign,MAP-011,pending_university_confirmation,"Entity link: Health Care Centre (partial); see combined_entity_overlap.csv. Source: campus_map_observations.csv; no map name, image filename or URL is recorded in the source file. Sign observation kept verbatim in location.",Health Care Centre
KN-0202,campus_map,wayfinding,,Hostel 5,Hostel 5,,,"Sign says straight, 1 min from sign",,,,,,SRC-M-02,,full_sign,MAP-012,pending_university_confirmation,"Entity link: Hostels / residences (clear); see combined_entity_overlap.csv. Source: campus_map_observations.csv; no map name, image filename or URL is recorded in the source file. Sign observation kept verbatim in location.",Hostels / residences
KN-0203,campus_map,wayfinding,,Schools,Schools,,,"Sign says down arrow, 2 min from sign",,,,,,SRC-M-02,,full_sign,MAP-013,pending_university_confirmation,"Entity link: Schools (clear); see combined_entity_overlap.csv. Source: campus_map_observations.csv; no map name, image filename or URL is recorded in the source file. Sign observation kept verbatim in location.",Schools
KN-0204,campus_map,wayfinding,,Guest House,Guest House,,,"Sign says left arrow, 5 min from sign",,,,,,SRC-M-02,,full_sign,MAP-014,pending_university_confirmation,"Entity link: Guest House (clear); see combined_entity_overlap.csv. Source: campus_map_observations.csv; no map name, image filename or URL is recorded in the source file. Sign observation kept verbatim in location.",Guest House
KN-0205,campus_map,wayfinding,,Academic Block,Academic Block,,,"Sign says left arrow, 6 min from sign",,,,,,SRC-M-02,,full_sign,MAP-015,pending_university_confirmation,"Entity link: Academic Block (partial); see combined_entity_overlap.csv. Source: campus_map_observations.csv; no map name, image filename or URL is recorded in the source file. Sign observation kept verbatim in location.",Academic Block
KN-0206,campus_map,wayfinding,,Convention Center,Convention Center,,,"Sign says left arrow, 9 min from sign",,,,,,SRC-M-02,,full_sign,MAP-016,pending_university_confirmation,"Entity link: Convention Centre / Center (campus_map_only); see combined_entity_overlap.csv. Source: campus_map_observations.csv; no map name, image filename or URL is recorded in the source file. Sign observation kept verbatim in location.",Convention Centre / Center
KN-0207,campus_map,wayfinding,,Vineet Nayyar Academic Block,Vineet Nayyar Academic Block,,,"Sign says left arrow, 9 min from sign",,,,,,SRC-M-02,,full_sign,MAP-017,pending_university_confirmation,"Entity link: Vineet Nayyar Academic Block (partial_conflict); see combined_entity_overlap.csv. Source: campus_map_observations.csv; no map name, image filename or URL is recorded in the source file. Sign observation kept verbatim in location.",Vineet Nayyar Academic Block
KN-0208,campus_map,wayfinding,,École Centrale School of Engineering,École Centrale School of Engineering,,,"Sign says left arrow, 5 min from sign",,,,,,SRC-M-02,,full_sign,MAP-018,pending_university_confirmation,"Entity link: École Centrale School of Engineering (clear); see combined_entity_overlap.csv. Source: campus_map_observations.csv; no map name, image filename or URL is recorded in the source file. Sign observation kept verbatim in location.",École Centrale School of Engineering
KN-0209,campus_map,wayfinding,,"Hostel 1, 2, 3, 4","Hostel 1, 2, 3, 4",,,"Sign says left arrow, 8 min from sign",,,,,,SRC-M-02,,full_sign,MAP-019,pending_university_confirmation,"Entity link: Hostels / residences (clear); see combined_entity_overlap.csv. Source: campus_map_observations.csv; no map name, image filename or URL is recorded in the source file. Sign observation kept verbatim in location.",Hostels / residences
