qa_id,question,answer,category,subcategory,source_type,source_record_id,source_id,source_url,source_page,entity,stability_tag,verification_status,notes
QA001,What is Mahindra University's tagline?,The tagline on the site is 'Global Thinkers. Engaged Leaders.',About,Overview,website,MU-001,SRC-W-01,https://www.mahindrauniversity.edu.in/about-us/,About Us - Mahindra University (MU),Mahindra University,Stable,Pending,
QA002,How does Mahindra University describe itself?,"It blends academic rigour, research and global exposure. The About page describes re-imagining growth-oriented education to empower global thinkers and engaged leaders through experiential learning, interdisciplinary research and real-world impact, and describes a green campus in Hyderabad with the spirit of 'Accepting No Limits'.",About,Overview,website,MU-001,SRC-W-01,https://www.mahindrauniversity.edu.in/about-us/,About Us - Mahindra University (MU),Mahindra University,Stable,Pending,
QA003,Where is Mahindra University located?,"Mahindra University, Survey No: 62/1A, Bahadurpally, Jeedimetla, Hyderabad - 500043, Telangana, India.",Campus & Facilities,Campus,website,MU-092; MU-001,SRC-W-09; SRC-W-01,https://www.mahindrauniversity.edu.in/contact-us/; https://www.mahindrauniversity.edu.in/about-us/,Contact Us - Mahindra University (MU); About Us - Mahindra University (MU),Mahindra University campus,Stable,Pending,
QA004,How can I contact Mahindra University?,"Landline 040-67135100; mobile +91 9618592999; WhatsApp 9121314154; alternative email info@mahindrauniversity.edu.in. The page also labels mahindrauni.hyd@gmail.com as the general enquiries email, but that link's mailto target is admissions@mahindrauniversity.edu.in.",Contact,General,website,MU-181,SRC-W-09,https://www.mahindrauniversity.edu.in/contact-us/,Contact Us - Mahindra University (MU),Mahindra University general contact,Changes each term,Pending,
QA005,Is there a virtual tour of the Mahindra University campus?,Yes. The site provides a Google Maps link and a 360-degree virtual campus tour: https://www.mahindrauniversity.edu.in/sites/virtual-tour-of-mu-campus.html,Campus & Facilities,Campus,website,MU-092,SRC-W-09,https://www.mahindrauniversity.edu.in/contact-us/,Contact Us - Mahindra University (MU),Campus virtual tour,Stable,Pending,
QA006,How many students does Mahindra University have?,The homepage key figures state 6000+ students.,About,Overview,website,MU-002,SRC-W-02,https://www.mahindrauniversity.edu.in/,Mahindra University: Best Private University in Hyderabad,Mahindra University key figures,Changes each term,Pending,
QA007,What key figures does the Mahindra University homepage show?,"6000+ students, 4000+ placements to date, 400+ companies, 350+ faculty and 1500+ publications.",About,Overview,website,MU-002,SRC-W-02,https://www.mahindrauniversity.edu.in/,Mahindra University: Best Private University in Hyderabad,Mahindra University key figures,Changes each term,Pending,
QA008,How many faculty members does Mahindra University have?,The homepage states 350+ faculty. A Faculty Directory / Expertise Finder page exists at https://www.mahindrauniversity.edu.in/faculties/.,About,Faculty,website,MU-009; MU-002,SRC-W-02,https://www.mahindrauniversity.edu.in/,Mahindra University: Best Private University in Hyderabad,Faculty,Changes each term,Pending,Individual faculty records are not in the source (directory not extracted).
QA009,How many recruiters does Mahindra University have?,"The website gives different figures: the homepage shows 400+ recruiters, while the About Us page shows 100+ recruiters for the same statistic.",Placements & Careers,Overview,website,MU-166; MU-002,SRC-W-02,https://www.mahindrauniversity.edu.in/,Mahindra University: Best Private University in Hyderabad,Recruiters,Changes each term,Pending,"Conflict preserved, not resolved."
QA010,What is Mahindra University's placement record?,"The homepage states 4000+ placements to date, 400+ companies and 250+ graduate acceptances for advanced study.",Placements & Careers,Overview,website,MU-166,SRC-W-02,https://www.mahindrauniversity.edu.in/,Mahindra University: Best Private University in Hyderabad,Placements,Changes each term,Pending,
QA011,What sets Mahindra University apart?,"Four differentiators are listed: global collaboration (partnerships with international institutions to co-design globally benchmarked programmes), interdisciplinary excellence (integrating engineering, management, law, design and the humanities), industry-aligned learning (internships, live projects and incubation opportunities), and research and societal impact (applied research, patents and partnerships).",About,Overview,website,MU-003,SRC-W-01,https://www.mahindrauniversity.edu.in/about-us/,About Us - Mahindra University (MU),Mahindra University,Stable,Pending,
QA012,What are Mahindra University's four pillars?,"Academic excellence, Student empowerment, Innovation ecosystem, and Inclusive excellence.",About,Overview,website,MU-004,SRC-W-01,https://www.mahindrauniversity.edu.in/about-us/,About Us - Mahindra University (MU),Mahindra University,Stable,Pending,
QA013,Who is the Chancellor of Mahindra University?,"Anand Mahindra, Chairman of the Mahindra Group, is the Chancellor.",About,Leadership,website,MU-005,SRC-W-01,https://www.mahindrauniversity.edu.in/about-us/,About Us - Mahindra University (MU),Chancellor,Changes each term,Pending,
QA014,Who is the Vice-Chancellor of Mahindra University?,"Dr. Yajulu Medury is the Vice-Chancellor and founding vice-chancellor of Mahindra University, with over three decades of experience in higher education, research and institutional management.",About,Leadership,website,MU-006,SRC-W-01,https://www.mahindrauniversity.edu.in/about-us/,About Us - Mahindra University (MU),Vice-Chancellor,Changes each term,Pending,
QA015,What leadership and governance pages does the Mahindra University website have?,"The site has pages for Founding team, Leadership, Governing Body, Board of Management and Academic Council.",About,Leadership,website,MU-007,SRC-W-02,https://www.mahindrauniversity.edu.in/,Mahindra University: Best Private University in Hyderabad,University leadership and governance,Stable,Pending,
QA016,How many global academic partners does Mahindra University have?,"The About Us page states 20+ global academic partners (exchanges, dual degrees, joint research) and 250+ graduate acceptances for advanced studies at universities worldwide.",About,Partnerships,website,MU-008; MU-002,SRC-W-01; SRC-W-02,https://www.mahindrauniversity.edu.in/about-us/; https://www.mahindrauniversity.edu.in/,About Us - Mahindra University (MU); Mahindra University: Best Private University in Hyderabad,Global academic partnerships,Changes each term,Pending,
QA017,What schools are part of Mahindra University?,Mahindra University has seven schools: Ecole Centrale School of Engineering; Indira Mahindra School of Education; School of Design Innovation; School of Digital Media and Communication; School of Hospitality Management; School of Law; School of Management.,Academics,Schools,website,MU-011,SRC-W-02,https://www.mahindrauniversity.edu.in/,Mahindra University: Best Private University in Hyderabad,Schools at Mahindra University,Stable,Pending,Answer keeps the source spelling 'Ecole' from MU-011; MU-012 spells it 'École'.
QA018,What programmes does the School of Law offer?,The source does not say. It lists the School of Law as one of the seven schools and notes that programme-to-school mapping is not stated on the pages accessed.,Academics,Schools,website,MU-017; MU-011,SRC-W-02,https://www.mahindrauniversity.edu.in/,Mahindra University: Best Private University in Hyderabad,School of Law,Stable,Pending,Abstention-type answer: the source explicitly states the school-to-programme mapping is unavailable. Do not infer the mapping from programme names.
QA019,What centres does Mahindra University have?,Centre for Entrepreneurship and Innovation; Centre for Executive Education; Centre for Life Sciences; Centre for Sustainability; MU-VT Centre for Interdisciplinary Research in Transformative Technologies; Global Centre for Enterprise Risk Management; Bajaj Engineering Skills Training (BEST) Centre; and Centre for Language Learning and Development.,Academics,Centres,website,MU-019,SRC-W-02,https://www.mahindrauniversity.edu.in/,Mahindra University: Best Private University in Hyderabad,Centres at Mahindra University,Stable,Pending,
QA020,What is the Centre for Entrepreneurship and Innovation at Mahindra University?,"It is listed under Centres in the Academics menu. The homepage describes a Babson-partnered centre, a student-led E-Cell and a full incubation hub.",Academics,Centres,website,MU-020; MU-165,SRC-W-02,https://www.mahindrauniversity.edu.in/,Mahindra University: Best Private University in Hyderabad,Centre for Entrepreneurship and Innovation,Stable,Pending,
QA021,What is the Centre for Language Learning and Development?,"Mahindra University unveiled the Centre for Language Learning and Development and hosted an experiential storytelling workshop for teachers, according to a homepage news item.",Academics,Centres,website,MU-027,SRC-W-02,https://www.mahindrauniversity.edu.in/,Mahindra University: Best Private University in Hyderabad,Centre for Language Learning and Development,Needs review,Pending,"Stability unclear: the only source is a homepage news item, so it is unclear whether this is a permanent centre description or a time-bound news fact."
QA022,How can I contact the Centre for Executive Education?,Executive Education is run by the Centre for Executive Education. Contact: executive.education@mahindrauniversity.edu.in; +91 9059538001.,Academics,Executive & Working Professional Programmes,website,MU-061; MU-186,SRC-W-02; SRC-W-09,https://www.mahindrauniversity.edu.in/; https://www.mahindrauniversity.edu.in/contact-us/,Mahindra University: Best Private University in Hyderabad; Contact Us - Mahindra University (MU),Centre for Executive Education,Changes each term,Pending,
QA023,What executive and working professional programmes does Mahindra University offer?,"The source lists Executive Education (run by the Centre for Executive Education), Working Professional Programmes (listed under Admissions > Programmes), and a B.Tech in Civil Engineering for Working Professionals (listed among B.Tech specialisations).",Academics,Executive & Working Professional Programmes,website,MU-061; MU-062; MU-063,SRC-W-02; SRC-W-05,https://www.mahindrauniversity.edu.in/; https://www.mahindrauniversity.edu.in/programs/b-tech/,Mahindra University: Best Private University in Hyderabad; BTech Courses and Specializations List- Mahindra University,Executive and working professional programmes,Stable,Pending,
QA024,What undergraduate programmes does Mahindra University offer?,11 undergraduate programmes are listed: B.A. LL.B. (Honours); B.A. in Journalism & Mass Communication (BJMC); BBA; BBA in Entrepreneurship & Family Business; BBA LL.B. (Honours); B.Des; B.Tech; B.Tech in Computation & Media; B.Tech. - LL.B. (Honours); 4-year BBA (honours) in Hospitality Management; Bachelor of Architecture (B. Arch).,Academics,Undergraduate Programmes,website,MU-028,SRC-W-03,https://www.mahindrauniversity.edu.in/under-graduate-programs/,Under Graduate (UG) Programs - Mahindra University,Undergraduate programmes,Stable,Pending,
QA025,What postgraduate programmes does Mahindra University offer?,11 postgraduate programmes are listed: 3 Years LL.B.; 5-year Integrated M.Tech in Biotechnology; M.A. in Education; M.A. in Journalism and Mass Communication; MBA; Masters in Design Innovation; M.Sc. Biotechnology (Biologics); M.Sc. by Research in Biotherapeutics; M.Tech; M.Tech in Biomedical Data Science; M.Tech in Sustainability.,Academics,Postgraduate Programmes,website,MU-040,SRC-W-04,https://www.mahindrauniversity.edu.in/post-graduate-programs/,Post Graduate (PG) Programs - Mahindra University,Postgraduate programmes,Stable,Pending,
QA026,In which areas does Mahindra University offer Ph.D. programmes?,Ph.D. programmes are listed in eight areas: Engineering; Educational Studies; Business Administration; Life Sciences; Media and Communication; Law; Design Innovation; Humanities and Social Sciences.,Academics,Doctoral Programmes,website,MU-052,SRC-W-04,https://www.mahindrauniversity.edu.in/post-graduate-programs/,Post Graduate (PG) Programs - Mahindra University,Ph.D. programmes,Stable,Pending,
QA027,What is the B.Tech programme at Mahindra University?,"A 4-year (8-semester) residential B.Tech programme combining Ecole Centrale's curriculum, labs and industry connections, with the curriculum co-designed with Ecole Centrale, France. It is described as an engineering programme offering strong foundations and specialisation across core and emerging technology disciplines.",Academics,B.Tech,website,MU-064; MU-035,SRC-W-05; SRC-W-03,https://www.mahindrauniversity.edu.in/programs/b-tech/; https://www.mahindrauniversity.edu.in/under-graduate-programs/,BTech Courses and Specializations List- Mahindra University; Under Graduate (UG) Programs - Mahindra University,B.Tech,Stable,Pending,
QA028,How is the B.Tech programme structured?,"The first two years are the Core Program and the last two years are the Professional Program with electives. The credit structure is: basic sciences 47, basic engineering 28, humanities/social/creative sciences 15, enterprise sciences 10. There is an international exchange programme with mandatory internships.",Academics,B.Tech,website,MU-064,SRC-W-05,https://www.mahindrauniversity.edu.in/programs/b-tech/,BTech Courses and Specializations List- Mahindra University,B.Tech,Stable,Pending,
QA029,Is hostel stay mandatory for B.Tech students?,"Yes. B.Tech is described as a mandatory 100% residential programme, and hostel stay is mandatory.",Campus & Facilities,Residences,website,MU-064; MU-099; MU-082,SRC-W-05; SRC-W-11; SRC-W-06,https://www.mahindrauniversity.edu.in/programs/b-tech/; https://www.mahindrauniversity.edu.in/residences/; https://www.mahindrauniversity.edu.in/programs/b-tech/fee-structure/,BTech Courses and Specializations List- Mahindra University; Residences | Mahindra University; B.Tech Fee Structure 2026 | Mahindra University,B.Tech hostel requirement,Stable,Pending,
QA030,What B.Tech specialisations are listed at Mahindra University?,The B.Tech page lists: Civil Engineering for Working Professionals; VLSI Design & Technology; Nanotechnology; Mechatronics; Electronics & Communication Engineering; Data Science; Computational Biology; Civil Engineering; Biotechnology; Aerospace Engineering; Mechanical Engineering; Computation & Mathematics; Electronics & Computer Engineering; Artificial Intelligence; Computer Science Engineering.,Academics,B.Tech Specialisations,website,MU-065,SRC-W-05,https://www.mahindrauniversity.edu.in/programs/b-tech/,BTech Courses and Specializations List- Mahindra University,B.Tech specialisations,Stable,Pending,
QA031,What is the B.A. LL.B. (Honours) programme about?,B.A. LL.B. (Honours): An integrated law programme combining liberal arts education with rigorous legal training and critical thinking.,Academics,Undergraduate Programmes,website,MU-029,SRC-W-03,https://www.mahindrauniversity.edu.in/under-graduate-programs/,Under Graduate (UG) Programs - Mahindra University,B.A. LL.B. (Honours),Stable,Pending,
QA032,What is the B.A. in Journalism & Mass Communication (BJMC) programme about?,"B.A. in Journalism & Mass Communication (BJMC): A practice-oriented programme that develops skills in journalism, media production, and digital communication.",Academics,Undergraduate Programmes,website,MU-030,SRC-W-03,https://www.mahindrauniversity.edu.in/under-graduate-programs/,Under Graduate (UG) Programs - Mahindra University,B.A. in Journalism & Mass Communication (BJMC),Stable,Pending,
QA033,What is the BBA programme about?,"BBA: An undergraduate business programme focused on management fundamentals, digital fluency, and leadership development.",Academics,Undergraduate Programmes,website,MU-031,SRC-W-03,https://www.mahindrauniversity.edu.in/under-graduate-programs/,Under Graduate (UG) Programs - Mahindra University,BBA,Stable,Pending,
QA034,What is the BBA in Entrepreneurship & Family Business programme about?,"BBA in Entrepreneurship & Family Business: A specialised business programme designed for building, managing, and scaling entrepreneurial and family-run enterprises.",Academics,Undergraduate Programmes,website,MU-032,SRC-W-03,https://www.mahindrauniversity.edu.in/under-graduate-programs/,Under Graduate (UG) Programs - Mahindra University,BBA in Entrepreneurship & Family Business,Stable,Pending,
QA035,What is the BBA LL.B. (Honours) programme about?,"BBA LL.B. (Honours): An integrated programme blending business education with legal studies for careers at the intersection of law, policy, and management.",Academics,Undergraduate Programmes,website,MU-033,SRC-W-03,https://www.mahindrauniversity.edu.in/under-graduate-programs/,Under Graduate (UG) Programs - Mahindra University,BBA LL.B. (Honours),Stable,Pending,
QA036,What is the B. Des programme about?,"B. Des: A design programme focused on creative thinking, user-centred design, and problem-solving across physical and digital domains.",Academics,Undergraduate Programmes,website,MU-034,SRC-W-03,https://www.mahindrauniversity.edu.in/under-graduate-programs/,Under Graduate (UG) Programs - Mahindra University,B. Des,Stable,Pending,
QA037,What is the B.Tech in Computation & Media programme about?,"B.Tech in Computation & Media: An interdisciplinary programme integrating computing, media studies, and creative technologies.",Academics,Undergraduate Programmes,website,MU-036,SRC-W-03,https://www.mahindrauniversity.edu.in/under-graduate-programs/,Under Graduate (UG) Programs - Mahindra University,B.Tech in Computation & Media,Stable,Pending,
QA038,What is the B.Tech. - LL.B. (Honours) programme about?,"B.Tech. - LL.B. (Honours): An interdisciplinary programme combining engineering education with legal studies relevant to technology, policy and regulation.",Academics,Undergraduate Programmes,website,MU-037,SRC-W-03,https://www.mahindrauniversity.edu.in/under-graduate-programs/,Under Graduate (UG) Programs - Mahindra University,B.Tech. - LL.B. (Honours),Stable,Pending,
QA039,What is the 4-year BBA (honours) in Hospitality Management programme about?,"4-year BBA (honours) in Hospitality Management: A specialised honours programme focused on hospitality operations, service leadership and global industry practices.",Academics,Undergraduate Programmes,website,MU-038,SRC-W-03,https://www.mahindrauniversity.edu.in/under-graduate-programs/,Under Graduate (UG) Programs - Mahindra University,4-year BBA (honours) in Hospitality Management,Stable,Pending,
QA040,What is the Bachelor of Architecture (B. Arch) programme about?,Bachelor of Architecture (B. Arch) Programme: A five-year professional programme aligned with Council of Architecture (COA) guidelines.,Academics,Undergraduate Programmes,website,MU-039,SRC-W-03,https://www.mahindrauniversity.edu.in/under-graduate-programs/,Under Graduate (UG) Programs - Mahindra University,Bachelor of Architecture (B. Arch) Programme,Stable,Pending,
QA041,What is the 3 Years LL.B. programme about?,"3 Years LL.B.: A postgraduate law programme designed to build strong legal foundations, analytical reasoning and professional competence for diverse legal careers.",Academics,Postgraduate Programmes,website,MU-041,SRC-W-04,https://www.mahindrauniversity.edu.in/post-graduate-programs/,Post Graduate (PG) Programs - Mahindra University,3 Years LL.B.,Stable,Pending,
QA042,What is the 5-year Integrated M.Tech in Biotechnology programme about?,5-year Integrated M.Tech in Biotechnology: An integrated programme combining undergraduate and postgraduate training to develop deep expertise in biotechnology and life sciences.,Academics,Postgraduate Programmes,website,MU-042,SRC-W-04,https://www.mahindrauniversity.edu.in/post-graduate-programs/,Post Graduate (PG) Programs - Mahindra University,5-year Integrated M.Tech in Biotechnology,Stable,Pending,
QA043,What is the M.A. in Education programme about?,"M.A. in Education: A postgraduate programme focused on critical inquiry, educational research, and leadership across diverse learning contexts.",Academics,Postgraduate Programmes,website,MU-043,SRC-W-04,https://www.mahindrauniversity.edu.in/post-graduate-programs/,Post Graduate (PG) Programs - Mahindra University,M.A. in Education,Stable,Pending,
QA044,What is the M.A. in Journalism and Mass Communication programme about?,"M.A. in Journalism and Mass Communication: Advanced study in journalism, media practice, and communication theory.",Academics,Postgraduate Programmes,website,MU-044,SRC-W-04,https://www.mahindrauniversity.edu.in/post-graduate-programs/,Post Graduate (PG) Programs - Mahindra University,M.A. in Journalism and Mass Communication,Stable,Pending,
QA045,What is the MBA programme about?,"MBA: A management programme focused on leadership, strategy and decision-making.",Academics,Postgraduate Programmes,website,MU-045,SRC-W-04,https://www.mahindrauniversity.edu.in/post-graduate-programs/,Post Graduate (PG) Programs - Mahindra University,MBA,Stable,Pending,
QA046,What is the Masters in Design Innovation programme about?,"Masters in Design Innovation: An interdisciplinary postgraduate programme that applies design-led thinking to innovation, systems and complex real-world challenges.",Academics,Postgraduate Programmes,website,MU-046,SRC-W-04,https://www.mahindrauniversity.edu.in/post-graduate-programs/,Post Graduate (PG) Programs - Mahindra University,Masters in Design Innovation,Stable,Pending,
QA047,What is the M.Sc. Biotechnology (Biologics) programme about?,"M.Sc. Biotechnology (Biologics): A specialised programme focused on biologics, biopharmaceutical development and industry-aligned life sciences training.",Academics,Postgraduate Programmes,website,MU-047,SRC-W-04,https://www.mahindrauniversity.edu.in/post-graduate-programs/,Post Graduate (PG) Programs - Mahindra University,M.Sc. Biotechnology (Biologics),Stable,Pending,
QA048,What is the M.Sc. by Research in Biotherapeutics programme about?,"M.Sc. by Research in Biotherapeutics: A research-intensive programme focused on discovery, development and manufacturing of advanced biotherapeutic products.",Academics,Postgraduate Programmes,website,MU-048,SRC-W-04,https://www.mahindrauniversity.edu.in/post-graduate-programs/,Post Graduate (PG) Programs - Mahindra University,M.Sc. by Research in Biotherapeutics,Stable,Pending,
QA049,What is the M.Tech programme about?,M.Tech: A postgraduate engineering programme offering advanced technical training and research exposure across specialised domains.,Academics,Postgraduate Programmes,website,MU-049,SRC-W-04,https://www.mahindrauniversity.edu.in/post-graduate-programs/,Post Graduate (PG) Programs - Mahindra University,M.Tech,Stable,Pending,
QA050,What is the M.Tech in Biomedical Data Science programme about?,"M.Tech in Biomedical Data Science: An interdisciplinary programme integrating data science, computation, and biomedical research for healthcare and life science applications.",Academics,Postgraduate Programmes,website,MU-050,SRC-W-04,https://www.mahindrauniversity.edu.in/post-graduate-programs/,Post Graduate (PG) Programs - Mahindra University,M.Tech in Biomedical Data Science,Stable,Pending,
QA051,What is the M.Tech in Sustainability programme about?,M.Tech in Sustainability: A programme that aims to prepare industry-ready professionals and researchers who can address global sustainability challenges.,Academics,Postgraduate Programmes,website,MU-051,SRC-W-04,https://www.mahindrauniversity.edu.in/post-graduate-programs/,Post Graduate (PG) Programs - Mahindra University,M.Tech in Sustainability,Stable,Pending,
QA052,How can I apply to Mahindra University?,"Mahindra University announces admissions for 2026 in Undergraduate, Postgraduate and Ph.D. programmes. Applications are made through the online admissions portal: https://admission.mahindrauniversity.edu.in/ . Admissions email: admissions@mahindrauniversity.edu.in.",Admissions,Application,website,MU-080,SRC-W-04,https://www.mahindrauniversity.edu.in/post-graduate-programs/,Post Graduate (PG) Programs - Mahindra University,Admissions 2026,Changes each term,Pending,
QA053,How can I register for Mahindra University admissions information sessions?,Info sessions registration is at https://www.mahindrauniversity.edu.in/meet-us-infosessions/ .,Admissions,Application,website,MU-080,SRC-W-04,https://www.mahindrauniversity.edu.in/post-graduate-programs/,Post Graduate (PG) Programs - Mahindra University,Admissions information sessions,Changes each term,Pending,
QA054,Which admission documents can I download from the Mahindra University website?,"Linked PDFs: B.Tech Admission Notification 2026-27, University brochure, Public Self-Disclosure, and Students Code of Conduct.",Admissions,Application,website,MU-081,SRC-W-05,https://www.mahindrauniversity.edu.in/programs/b-tech/,BTech Courses and Specializations List- Mahindra University,Admission documents,Changes each term,Pending,
QA055,What is the B.Tech fee structure for Indian students?,"Academic fees Rs 5,00,000; hostel charges Rs 1,70,000; caution deposit Rs 20,000 (refundable at the end of study or graduation). All fees are subject to annual revision.",Admissions,B.Tech Fees,website,MU-082,SRC-W-06,https://www.mahindrauniversity.edu.in/programs/b-tech/fee-structure/,B.Tech Fee Structure 2026 | Mahindra University,B.Tech fees (Indian students),Changes each term,Pending,
QA056,What is the B.Tech fee structure for PIO/NRI students?,"Academic fees USD 9,000; hostel charges USD 3,000; caution deposit USD 400 (refundable).",Admissions,B.Tech Fees,website,MU-083,SRC-W-06,https://www.mahindrauniversity.edu.in/programs/b-tech/fee-structure/,B.Tech Fee Structure 2026 | Mahindra University,B.Tech fees (PIO/NRI students),Changes each term,Pending,
QA057,What hostel room options do B.Tech students have?,"First-year students are allotted triple-occupancy rooms. From the second year, double or triple occupancy may be opted for, subject to availability, with hostel fees per allotted type.",Campus & Facilities,Residences,website,MU-082,SRC-W-06,https://www.mahindrauniversity.edu.in/programs/b-tech/fee-structure/,B.Tech Fee Structure 2026 | Mahindra University,B.Tech hostel rooms,Changes each term,Pending,
QA058,What are the B.Tech eligibility requirements for Indian students?,"Qualify in JEE (Main) 2026 and be eligible to write JEE Advanced 2026 (or top All India Rank in JEE Main), OR a valid SAT Subject Test score (including maths, physics, chemistry) of at least 1800, OR a valid SAT score of at least 800, OR a valid ACT composite score of at least 18. Students admitted through JEE/SAT/ACT need 60% or equivalent in 10+2 from any statutory board.",Admissions,B.Tech Eligibility,website,MU-084,SRC-W-07,https://www.mahindrauniversity.edu.in/programs/b-tech/eligibility-criteria/,B.Tech Eligibility Criteria - Mahindra University,B.Tech eligibility (Indian category),Changes each term,Pending,
QA059,What are the B.Tech eligibility requirements for PIO/NRI applicants?,10+2 or equivalent from any statutory board with 80% or equivalent grade (IB or other approved boards). Valid SAT scores are considered but not mandatory. Shortlisted candidates are followed by a panel interview.,Admissions,B.Tech Eligibility,website,MU-085,SRC-W-07,https://www.mahindrauniversity.edu.in/programs/b-tech/eligibility-criteria/,B.Tech Eligibility Criteria - Mahindra University,B.Tech eligibility (PIO/NRI category),Changes each term,Pending,
QA060,"Can I apply for biotechnology programmes with Physics, Chemistry and Biology in Class 12?","Yes for B.Tech in Biotechnology, B.Tech in Computational Biology and the 5-year Integrated M.Tech in Biotechnology: candidates who studied Physics, Chemistry and Biology in 12th grade are also eligible based on 12th grade PCB scores. Candidates applying via SAT/ACT undergo a technical and aptitude-based interview.",Admissions,B.Tech Eligibility,website,MU-086,SRC-W-07,https://www.mahindrauniversity.edu.in/programs/b-tech/eligibility-criteria/,B.Tech Eligibility Criteria - Mahindra University,Biotechnology-related programmes eligibility,Changes each term,Pending,
QA061,Is Mathematics in Class 12 mandatory for BBA programmes?,"The source states that for BBA (Applied Economics & Finance) and BBA (Computational Business Analytics), Mathematics in 12th grade is mandatory.",Admissions,B.Tech Eligibility,website,MU-086,SRC-W-07,https://www.mahindrauniversity.edu.in/programs/b-tech/eligibility-criteria/,B.Tech Eligibility Criteria - Mahindra University,BBA eligibility (Mathematics in Class 12),Changes each term,Pending,Answer limited to the two BBA variants named in the source.
QA062,What is the UGC Equivalence Certificate requirement?,"All UG applicants who completed Class 12 under IB, Cambridge or any other international curriculum must submit a UGC Equivalence Certificate by 30 August 2026, or admission is automatically cancelled.",Admissions,B.Tech Eligibility,website,MU-087,SRC-W-07,https://www.mahindrauniversity.edu.in/programs/b-tech/eligibility-criteria/,B.Tech Eligibility Criteria - Mahindra University,UGC Equivalence Certificate,Changes each term,Pending,
QA063,Which entrance exams does Mahindra University accept for B.Tech?,"JEE (Main), SAT (Subject/general) and ACT are accepted. For some specialisations (e.g. Biotechnology or integrated options) PCB scores may be required. Applicants via SAT/ACT, and for certain specialisations, undergo a technical and aptitude-based interview.",Admissions,B.Tech Eligibility,website,MU-088,SRC-W-05,https://www.mahindrauniversity.edu.in/programs/b-tech/,BTech Courses and Specializations List- Mahindra University,B.Tech entrance exams,Changes each term,Pending,
QA064,What scholarships are available for B.Tech students admitted through JEE Main?,"Under the Mahindra University RISE Scholars Programme: 98 percentile and above - 100% academic (tuition) fee waiver; 96-98 percentile - 50% academic fee waiver; 94-96 percentile - 100% hostel and mess fee waiver; 90-94 percentile - 25% academic fee waiver. Awarded at admission for the first year; to continue for the remaining 3 years, students must maintain a minimum GPA of 7.5 at the end of each academic year without backlogs. The University reserves the right to modify the policy.",Admissions,Scholarships,website,MU-089,SRC-W-06,https://www.mahindrauniversity.edu.in/programs/b-tech/fee-structure/,B.Tech Fee Structure 2026 | Mahindra University,RISE Scholars Programme,Changes each term,Pending,
QA065,Is there a merit scholarship for the 4-year BBA (Hons.) in Hospitality Management?,"Merit scholarships of up to 100% tuition fee waiver are shown for students with 90% and above in Class 12 (or equivalent), beside the 4-Year BBA (Hons.) in Hospitality Management in the 2026 admissions pop-up.",Admissions,Scholarships,website,MU-090,SRC-W-08,https://www.mahindrauniversity.edu.in/eateries/,Eateries | Mahindra University,Hospitality Management merit scholarship,Changes each term,Pending,
QA066,Where can I pay fees or find the academic calendar on the Mahindra University website?,"The site provides Pay Fees (https://www.mahindrauniversity.edu.in/pay-fee/), Academic Calendar (https://www.mahindrauniversity.edu.in/calendar/), Mandatory Disclosures (https://www.mahindrauniversity.edu.in/mandatory-disclosures/) and Policies (https://www.mahindrauniversity.edu.in/policies/) pages.",Admissions,Quick Links,website,MU-091,SRC-W-02,https://www.mahindrauniversity.edu.in/,Mahindra University: Best Private University in Hyderabad,Fee payment and academic calendar pages,Changes each term,Pending,
QA067,How can I contact the Mahindra University admissions office?,Admission-related enquiries: admissions@mahindrauniversity.edu.in.,Contact,Admissions,website,MU-182,SRC-W-09,https://www.mahindrauniversity.edu.in/contact-us/,Contact Us - Mahindra University (MU),Admissions office,Changes each term,Pending,
QA068,How can I contact MBA admissions?,MBA admissions: mba.admissions@mahindrauniversity.edu.in; +91-9963427036 / +91-9963476964.,Contact,Admissions,website,MU-183,SRC-W-09,https://www.mahindrauniversity.edu.in/contact-us/,Contact Us - Mahindra University (MU),MBA admissions contact,Changes each term,Pending,
QA069,How can I contact BBA or B.A. admissions?,BBA/B.A. admissions - South & West: +91 9553433789; North & East: +91 7318551441 and +91 981134637 (as displayed).,Contact,Admissions,website,MU-184,SRC-W-09,https://www.mahindrauniversity.edu.in/contact-us/,Contact Us - Mahindra University (MU),BBA / B.A. admissions contact,Changes each term,Pending,
QA070,How can I contact the School of Law admissions?,School of Law admissions: +91 9154865736 and +91 9154865738.,Contact,Admissions,website,MU-185,SRC-W-09,https://www.mahindrauniversity.edu.in/contact-us/,Contact Us - Mahindra University (MU),School of Law admissions contact,Changes each term,Pending,
QA071,How can I contact the Head of Marketing and Admissions?,"Rakesh Sreedharan, Head - Marketing and Admissions: rakesh.s@mahindrauniversity.edu.in; mobile 9000188919; landline 040-67135188.",Contact,Admissions,website,MU-187,SRC-W-09,https://www.mahindrauniversity.edu.in/contact-us/,Contact Us - Mahindra University (MU),Head - Marketing and Admissions,Changes each term,Pending,
QA072,Who are the regional admissions contacts?,"Ajay Mishra (Uttar Pradesh): ajay.mishra@mahindrauniversity.edu.in, 7705996324. Dibyendu Karmakar (West Bengal, North Eastern States, Odisha, Jharkhand, Chhattisgarh): dibyendu.karmakar@mahindrauniversity.edu.in, 9874838333. Abhinandan Kashyap (Delhi/NCR, Haryana, Punjab, Himachal Pradesh, Uttarakhand, Jammu & Kashmir): abhinandan.kashyap@mahindrauniversity.edu.in, 7982759762.",Contact,Admissions,website,MU-188,SRC-W-09,https://www.mahindrauniversity.edu.in/contact-us/,Contact Us - Mahindra University (MU),Regional admissions contacts,Changes each term,Pending,
QA073,How can I send career-related queries to Mahindra University?,Career-related queries can be sent to careers@mahindrauniversity.edu.in or 040-67135160.,Placements & Careers,Contact,website,MU-167,SRC-W-09,https://www.mahindrauniversity.edu.in/contact-us/,Contact Us - Mahindra University (MU),Careers contact,Changes each term,Pending,
QA074,How can I contact Mahindra University about branding enquiries?,Branding enquiries: branding@mahindrauniversity.edu.in.,Contact,Other,website,MU-189,SRC-W-09,https://www.mahindrauniversity.edu.in/contact-us/,Contact Us - Mahindra University (MU),Branding enquiries,Changes each term,Pending,
QA075,What are Mahindra University's official social media channels?,"Facebook (MahindraUni), Twitter (MahindraUni), Instagram (mahindrauni), LinkedIn (Mahindra Ecole Centrale school page) and YouTube.",Contact,Other,website,MU-190,SRC-W-02,https://www.mahindrauniversity.edu.in/,Mahindra University: Best Private University in Hyderabad,Social media channels,Stable,Pending,
QA076,Where is the library?,"The library is the Vineet Nayyar Learning Resource Centre (VNLRC), located on the Mahindra University campus. The source gives no more specific location.",Campus & Facilities,Library,website,MU-093,SRC-W-10,https://www.mahindrauniversity.edu.in/library/,Our E-Library and Stocks - Mahindra University (MU),Vineet Nayyar Learning Resource Centre (VNLRC),Stable,Pending,
QA077,What is the Vineet Nayyar Learning Resource Centre?,"VNLRC is the central knowledge hub of the university, supporting students, research scholars, faculty and staff with printed and electronic resources and technology-enabled study spaces. Total area: 36,650 square feet.",Campus & Facilities,Library,website,MU-093,SRC-W-10,https://www.mahindrauniversity.edu.in/library/,Our E-Library and Stocks - Mahindra University (MU),Vineet Nayyar Learning Resource Centre (VNLRC),Stable,Pending,
QA078,How many books does the Mahindra University library have?,"The library holds 29,000+ books and journals across disciplines.",Campus & Facilities,Library,website,MU-094,SRC-W-10,https://www.mahindrauniversity.edu.in/library/,Our E-Library and Stocks - Mahindra University (MU),Library collection,Changes each term,Pending,
QA079,What facilities are available at the library?,"Full RFID automation with KOHA integrated software supports self checkout and real-time catalogue access. Reading rooms, collaborative areas and quiet zones are available.",Campus & Facilities,Library,website,MU-095,SRC-W-10,https://www.mahindrauniversity.edu.in/library/,Our E-Library and Stocks - Mahindra University (MU),Library facilities,Stable,Pending,
QA080,What are the library timings?,VNLRC: 8:00 AM-11:00 PM Monday-Friday; 9:00 AM-5:00 PM Saturday and Sunday (9:00 AM-11:00 PM on weekends during examination time). SOL: 9:00 AM-9:00 PM Monday-Friday; 9:00 AM-5:00 PM Saturday and Sunday (9:00 AM-9:00 PM on weekends during examination time).,Campus & Facilities,Library,website,MU-096,SRC-W-10,https://www.mahindrauniversity.edu.in/library/,Our E-Library and Stocks - Mahindra University (MU),Library timings,Changes each term,Pending,
QA081,Can I search the library catalogue and access e-resources online?,"Yes. OPAC (Online Public Access Catalog) lets users search books, journals and e-resources: https://library.mahindrauniversity.edu.in/ . E-journals and databases are available 24/7 with remote access: https://mahindrauniversity.refread.com/",Campus & Facilities,Library,website,MU-097,SRC-W-10,https://www.mahindrauniversity.edu.in/library/,Our E-Library and Stocks - Mahindra University (MU),Library OPAC and e-resources,Stable,Pending,
QA082,Does Mahindra University have on-campus hostels?,"Yes. It is a fully residential campus with on-campus student residences within walking distance of academic, recreational and dining facilities. Individual hostel or block names are not listed on the page. Hostel stay is mandatory for B.Tech students.",Campus & Facilities,Residences,website,MU-099,SRC-W-11,https://www.mahindrauniversity.edu.in/residences/,Residences | Mahindra University,Student residences (hostels),Stable,Pending,
QA083,Which hostels are on the Mahindra University campus?,"The website says there are on-campus student residences but does not list individual hostel or block names. The campus-map observations show labels for 'Hostels' (multiple hostel areas visible; numbering still to be verified), 'Hostel 5' and 'Hostel 1, 2, 3, 4'.",Campus & Facilities,Residences,campus_map; website,MU-099; MAP-004; MAP-012; MAP-019,SRC-W-11; SRC-M-01; SRC-M-02,https://www.mahindrauniversity.edu.in/residences/,Residences | Mahindra University; closeup; full_sign,Hostels,Needs review,Pending,Multi-source. Stability marked for review because the map numbering is flagged 'numbering verify' in the source.
QA084,What features and facilities do the student residences have?,"Furnished rooms; common areas for study, interaction and recreation; utilities and housekeeping support; internet connectivity; managed access and on-site supervision.",Campus & Facilities,Residences,website,MU-100,SRC-W-11,https://www.mahindrauniversity.edu.in/residences/,Residences | Mahindra University,Residence features,Stable,Pending,
QA085,What safety and wellbeing measures exist in the residences?,"Controlled access to residential areas, on-site residential staff and support teams, protocols for safety, health and conduct, and access to campus health and support services. A separate Campus Safety page exists: https://www.mahindrauniversity.edu.in/campus-safety/ .",Campus & Facilities,Residences,website,MU-101,SRC-W-11,https://www.mahindrauniversity.edu.in/residences/,Residences | Mahindra University,Residence safety and wellbeing,Stable,Pending,
QA086,Are there residential guidelines and an orientation for new hostel residents?,"Yes. Residences operate under residential guidelines, and orientation programmes help new residents transition into campus living.",Campus & Facilities,Residences,website,MU-102,SRC-W-11,https://www.mahindrauniversity.edu.in/residences/,Residences | Mahindra University,Residential guidelines and orientation,Stable,Pending,
QA087,What dining options are available for students on campus?,"The student mess provides regular meal services as part of the residential experience, in structured dining spaces designed for large student populations. Canteens and informal dining areas are positioned across the campus for quick meals and refreshments outside scheduled meal times.",Campus & Facilities,Dining,website,MU-103; MU-104,SRC-W-08,https://www.mahindrauniversity.edu.in/eateries/,Eateries | Mahindra University,Student mess and canteens,Stable,Pending,
QA088,Where is the student mess?,On campus; accessible from hostels and academic blocks. The source gives no more specific location.,Campus & Facilities,Dining,website,MU-103,SRC-W-08,https://www.mahindrauniversity.edu.in/eateries/,Eateries | Mahindra University,Student mess,Stable,Pending,
QA089,Is there separate dining for guests and visiting faculty?,"Yes. Separate dining arrangements exist for visiting faculty, guests and institutional partners through designated hospitality facilities, including dining spaces associated with the university guesthouse.",Campus & Facilities,Dining,website,MU-105,SRC-W-08,https://www.mahindrauniversity.edu.in/eateries/,Eateries | Mahindra University,Guest and faculty dining,Stable,Pending,
QA090,Is there a guest house on the Mahindra University campus?,"Yes. The website mentions dining spaces associated with the university guesthouse, and the campus map has a 'Guest House' label and a wayfinding sign that reads 'left arrow, 5 min from sign'. The sources do not give a more specific location.",Campus & Facilities,Campus Map,campus_map; website,MU-105; MAP-005; MAP-014,SRC-W-08; SRC-M-01; SRC-M-02,https://www.mahindrauniversity.edu.in/eateries/,Eateries | Mahindra University; closeup; full_sign,Guest House,Needs review,Pending,Multi-source. Stability marked for review because the wayfinding part depends on the unrecorded sign position.
QA091,What outdoor sports facilities are available on campus?,"Dedicated grounds and courts for football, cricket, basketball, volleyball and athletics.",Campus & Facilities,Sports,website,MU-106,SRC-W-12,https://www.mahindrauniversity.edu.in/sports/,Sports | Mahindra University,Outdoor sports grounds,Stable,Pending,
QA092,What indoor sports facilities are available on campus?,"Indoor facilities for badminton, table tennis, snooker and other recreational games.",Campus & Facilities,Sports,website,MU-107,SRC-W-12,https://www.mahindrauniversity.edu.in/sports/,Sports | Mahindra University,Indoor courts and halls,Stable,Pending,
QA093,Does the campus have a gym?,"Yes, a gym with modern cardio and strength-training equipment.",Campus & Facilities,Sports,website,MU-108,SRC-W-12,https://www.mahindrauniversity.edu.in/sports/,Sports | Mahindra University,Gym and fitness centre,Stable,Pending,
QA094,Does the campus have a swimming pool?,"Yes, a dedicated swimming pool for leisure and fitness swimming.",Campus & Facilities,Sports,website,MU-109,SRC-W-12,https://www.mahindrauniversity.edu.in/sports/,Sports | Mahindra University,Swimming pool,Stable,Pending,
QA095,Is there a jogging track on campus?,"Yes, a multi-lane jogging and fitness track for running, warm-ups and outdoor conditioning.",Campus & Facilities,Sports,website,MU-110,SRC-W-12,https://www.mahindrauniversity.edu.in/sports/,Sports | Mahindra University,Jogging and fitness track,Stable,Pending,
QA096,Are there yoga or wellness programmes at Mahindra University?,"Yes. Regular yoga sessions, fitness programmes and wellness initiatives support mental health and stress management.",Campus & Facilities,Sports,website,MU-111,SRC-W-12,https://www.mahindrauniversity.edu.in/sports/,Sports | Mahindra University,Wellness and yoga programmes,Stable,Pending,
QA097,Which sports clubs are there at Mahindra University?,"Active sports clubs: Football, Cricket, Badminton, Table tennis, Basketball, Volleyball, Tennis, Snooker. AIRO is the annual multi-sport event; students also join inter-university tournaments.",Campus & Facilities,Sports,website,MU-112,SRC-W-12,https://www.mahindrauniversity.edu.in/sports/,Sports | Mahindra University,Student sports clubs,Stable,Pending,
QA098,What are the classrooms like at Mahindra University?,"Most teaching spaces have smart classroom technology (digital presentation, audio-visual support, interactive tools), flexible seating layouts, integrated projection and sound systems, and ergonomic comfort features. Smaller classrooms support seminar-style discussion; larger lecture halls accommodate cohort-based learning. Classrooms are described as accessible and inclusive, with support for blended and hybrid instruction.",Campus & Facilities,Classrooms,website,MU-113,SRC-W-13,https://www.mahindrauniversity.edu.in/classrooms/,Classrooms | Mahindra University,Classrooms,Stable,Pending,
QA099,How many student clubs does Mahindra University have?,"The website gives different figures: the homepage states students engage in 75+ clubs, while the Student Clubs page meta description states 40+ student clubs and 48 entries are listed on that page.",Student Life,Overview,website,MU-114,SRC-W-02,https://www.mahindrauniversity.edu.in/,Mahindra University: Best Private University in Hyderabad,Student clubs,Changes each term,Pending,
QA100,What is AeiForia - The Sustainability Club?,"AeiForia - The Sustainability Club: Promotes sustainable practices and environmental awareness on campus through drives, design projects and student campaigns.",Student Life,Student Clubs,website,MU-115,SRC-W-14,https://www.mahindrauniversity.edu.in/student-clubs/,Student Clubs | Mahindra University,AeiForia - The Sustainability Club,Stable,Pending,
QA101,What is Aether & AIRO Committees?,"Aether & AIRO Committees: Manage the university's annual techno-cultural festival (Aether) and sports festival (AIRO); students lead planning, creative direction, logistics and execution.",Student Life,Student Clubs,website,MU-116,SRC-W-14,https://www.mahindrauniversity.edu.in/student-clubs/,Student Clubs | Mahindra University,Aether & AIRO Committees,Stable,Pending,
QA102,What is AIESEC at Mahindra University?,"AIESEC at Mahindra University: Connects MU students to a global youth network for leadership, exchange and service learning, including international internships and social impact projects.",Student Life,Student Clubs,website,MU-117,SRC-W-14,https://www.mahindrauniversity.edu.in/student-clubs/,Student Clubs | Mahindra University,AIESEC at Mahindra University,Stable,Pending,
QA103,What is Ambrosia - The Biology Club?,"Ambrosia - The Biology Club: Explores biology through experiments, workshops and field studies.",Student Life,Student Clubs,website,MU-118,SRC-W-14,https://www.mahindrauniversity.edu.in/student-clubs/,Student Clubs | Mahindra University,Ambrosia - The Biology Club,Stable,Pending,
QA104,What is Amartya - The Finance Club?,"Amartya - The Finance Club: Studies how finance shapes innovation and enterprise through discussions, simulations and analysis.",Student Life,Student Clubs,website,MU-119,SRC-W-14,https://www.mahindrauniversity.edu.in/student-clubs/,Student Clubs | Mahindra University,Amartya - The Finance Club,Stable,Pending,
QA105,What is Art Felt Club?,"Art Felt Club: A space for creative expression in art and design through workshops, exhibitions and collaborative projects.",Student Life,Student Clubs,website,MU-120,SRC-W-14,https://www.mahindrauniversity.edu.in/student-clubs/,Student Clubs | Mahindra University,Art Felt Club,Stable,Pending,
QA106,What is ASCE Student Chapter?,ASCE Student Chapter: Engages civil engineering students in real-world design and infrastructure applications; promotes sustainable construction and professional growth.,Student Life,Student Clubs,website,MU-121,SRC-W-14,https://www.mahindrauniversity.edu.in/student-clubs/,Student Clubs | Mahindra University,ASCE Student Chapter,Stable,Pending,
QA107,What is AUV Club?,"AUV Club: Builds and tests autonomous underwater vehicles for research and competition, blending mechanical, electronic and software skills.",Student Life,Student Clubs,website,MU-122,SRC-W-14,https://www.mahindrauniversity.edu.in/student-clubs/,Student Clubs | Mahindra University,AUV Club,Stable,Pending,
QA108,What is BAJA SAE Team?,BAJA SAE Team: Designs and fabricates off-road vehicles to compete in national SAE events.,Student Life,Student Clubs,website,MU-123,SRC-W-14,https://www.mahindrauniversity.edu.in/student-clubs/,Student Clubs | Mahindra University,BAJA SAE Team,Stable,Pending,
QA109,What is Celeste - The Astronomy Club?,"Celeste - The Astronomy Club: Astronomy and astrophysics through observation, research and discussions, open to students from every discipline.",Student Life,Student Clubs,website,MU-124,SRC-W-14,https://www.mahindrauniversity.edu.in/student-clubs/,Student Clubs | Mahindra University,Celeste - The Astronomy Club,Stable,Pending,
QA110,What is Coding Ninjas MU Chapter?,Coding Ninjas MU Chapter: Strengthens programming and problem-solving skills through coding challenges and mentorship.,Student Life,Student Clubs,website,MU-125,SRC-W-14,https://www.mahindrauniversity.edu.in/student-clubs/,Student Clubs | Mahindra University,Coding Ninjas MU Chapter,Stable,Pending,
QA111,What is Community Service Club (Outreach)?,"Community Service Club (Outreach): Education drives, environmental clean-ups and other student social-impact initiatives.",Student Life,Student Clubs,website,MU-126,SRC-W-14,https://www.mahindrauniversity.edu.in/student-clubs/,Student Clubs | Mahindra University,Community Service Club (Outreach),Stable,Pending,
QA112,What is Cyber Security Club (Secret Garden)?,"Cyber Security Club (Secret Garden): Workshops, capture-the-flag challenges and discussions on ethical hacking and cybersecurity.",Student Life,Student Clubs,website,MU-127,SRC-W-14,https://www.mahindrauniversity.edu.in/student-clubs/,Student Clubs | Mahindra University,Cyber Security Club (Secret Garden),Stable,Pending,
QA113,What is Dance Club - 8 Counts?,"Dance Club - 8 Counts: Diverse dance forms, from stage performances to cultural fests.",Student Life,Student Clubs,website,MU-128,SRC-W-14,https://www.mahindrauniversity.edu.in/student-clubs/,Student Clubs | Mahindra University,Dance Club - 8 Counts,Stable,Pending,
QA114,What is Debate & Literary Club (Erudite)?,"Debate & Literary Club (Erudite): Debates, readings and writing sessions to build clear thinking and confident speaking.",Student Life,Student Clubs,website,MU-129,SRC-W-14,https://www.mahindrauniversity.edu.in/student-clubs/,Student Clubs | Mahindra University,Debate & Literary Club (Erudite),Stable,Pending,
QA115,What is Echo - MU Monthly Newspaper?,"Echo - MU Monthly Newspaper: Documents university life through news, interviews and creative stories; builds journalistic, editorial and design skills.",Student Life,Student Clubs,website,MU-130,SRC-W-14,https://www.mahindrauniversity.edu.in/student-clubs/,Student Clubs | Mahindra University,Echo - MU Monthly Newspaper,Stable,Pending,
QA116,What is Electronics & IoT Club (Lincoln Labs)?,"Electronics & IoT Club (Lincoln Labs): Members design embedded systems and IoT devices, building circuits and prototypes.",Student Life,Student Clubs,website,MU-131,SRC-W-14,https://www.mahindrauniversity.edu.in/student-clubs/,Student Clubs | Mahindra University,Electronics & IoT Club (Lincoln Labs),Stable,Pending,
QA117,What is Entrepreneurship & Innovation Cell (EIC)?,"Entrepreneurship & Innovation Cell (EIC): Supports ideation, mentorship and startup incubation for students.",Student Life,Student Clubs,website,MU-132,SRC-W-14,https://www.mahindrauniversity.edu.in/student-clubs/,Student Clubs | Mahindra University,Entrepreneurship & Innovation Cell (EIC),Stable,Pending,
QA118,What is Enigma - Computer Science Club?,"Enigma - Computer Science Club: Hands-on learning in algorithms, data structures and software development through peer teaching and projects.",Student Life,Student Clubs,website,MU-133,SRC-W-14,https://www.mahindrauniversity.edu.in/student-clubs/,Student Clubs | Mahindra University,Enigma - Computer Science Club,Stable,Pending,
QA119,What is Evolve Club?,"Evolve Club: Focuses on mental wellness and personal growth through group activities, guided sessions and workshops.",Student Life,Student Clubs,website,MU-134,SRC-W-14,https://www.mahindrauniversity.edu.in/student-clubs/,Student Clubs | Mahindra University,Evolve Club,Stable,Pending,
QA120,What is Finance & Economics Society?,"Finance & Economics Society: Connects economic theory to financial practice through market analysis, policy discussions and case studies.",Student Life,Student Clubs,website,MU-135,SRC-W-14,https://www.mahindrauniversity.edu.in/student-clubs/,Student Clubs | Mahindra University,Finance & Economics Society,Stable,Pending,
QA121,What is Gas Monkeys Racing?,Gas Monkeys Racing: Designs and builds performance vehicles for national engineering competitions.,Student Life,Student Clubs,website,MU-136,SRC-W-14,https://www.mahindrauniversity.edu.in/student-clubs/,Student Clubs | Mahindra University,Gas Monkeys Racing,Stable,Pending,
QA122,What is Gender & Inclusion Forum - MU Athena?,"Gender & Inclusion Forum - MU Athena: Promotes diversity, equity and inclusion through awareness campaigns and discussions.",Student Life,Student Clubs,website,MU-137,SRC-W-14,https://www.mahindrauniversity.edu.in/student-clubs/,Student Clubs | Mahindra University,Gender & Inclusion Forum - MU Athena,Stable,Pending,
QA123,What is Haven - Animal Welfare Club?,"Haven - Animal Welfare Club: Advocates animal care through awareness, rescue drives, adoption camps and volunteer work.",Student Life,Student Clubs,website,MU-138,SRC-W-14,https://www.mahindrauniversity.edu.in/student-clubs/,Student Clubs | Mahindra University,Haven - Animal Welfare Club,Stable,Pending,
QA124,What is ISB Technology Entrepreneurship Programme?,ISB Technology Entrepreneurship Programme: In partnership with the Indian School of Business; entrepreneurial leadership through experiential learning and mentorship in technology-driven ventures.,Student Life,Student Clubs,website,MU-139,SRC-W-14,https://www.mahindrauniversity.edu.in/student-clubs/,Student Clubs | Mahindra University,ISB Technology Entrepreneurship Programme,Stable,Pending,
QA125,What is Kalakriti - Cultural Club?,"Kalakriti - Cultural Club: Music, dance, art and cultural exchange; performances and celebrations of Indian tradition.",Student Life,Student Clubs,website,MU-140,SRC-W-14,https://www.mahindrauniversity.edu.in/student-clubs/,Student Clubs | Mahindra University,Kalakriti - Cultural Club,Stable,Pending,
QA126,What is Literary Society - The Erudite Club?,"Literary Society - The Erudite Club: Literature, debate and creative writing.",Student Life,Student Clubs,website,MU-141,SRC-W-14,https://www.mahindrauniversity.edu.in/student-clubs/,Student Clubs | Mahindra University,Literary Society - The Erudite Club,Stable,Pending,
QA127,What is Management Consulting Group (MCG)?,Management Consulting Group (MCG): Simulates real consulting challenges to develop analytical and problem-solving abilities.,Student Life,Student Clubs,website,MU-142,SRC-W-14,https://www.mahindrauniversity.edu.in/student-clubs/,Student Clubs | Mahindra University,Management Consulting Group (MCG),Stable,Pending,
QA128,What is Marketing Club - Vipanan?,"Marketing Club - Vipanan: Strategy, branding and campaign design through competitions and marketing simulations.",Student Life,Student Clubs,website,MU-143,SRC-W-14,https://www.mahindrauniversity.edu.in/student-clubs/,Student Clubs | Mahindra University,Marketing Club - Vipanan,Stable,Pending,
QA129,What is Math Club?,"Math Club: Puzzles, proofs and discussions on mathematics.",Student Life,Student Clubs,website,MU-144,SRC-W-14,https://www.mahindrauniversity.edu.in/student-clubs/,Student Clubs | Mahindra University,Math Club,Stable,Pending,
QA130,What is Media Club?,"Media Club: Produces and curates visual content for campus events: photography, videography and digital storytelling.",Student Life,Student Clubs,website,MU-145,SRC-W-14,https://www.mahindrauniversity.edu.in/student-clubs/,Student Clubs | Mahindra University,Media Club,Stable,Pending,
QA131,What is Model United Nations (MU MUN)?,"Model United Nations (MU MUN): Simulates international diplomacy and negotiation; builds public speaking, research and negotiation skills.",Student Life,Student Clubs,website,MU-146,SRC-W-14,https://www.mahindrauniversity.edu.in/student-clubs/,Student Clubs | Mahindra University,Model United Nations (MU MUN),Stable,Pending,
QA132,What is NSS Unit (National Service Scheme)?,NSS Unit (National Service Scheme): Volunteerism and community service initiatives.,Student Life,Student Clubs,website,MU-147,SRC-W-14,https://www.mahindrauniversity.edu.in/student-clubs/,Student Clubs | Mahindra University,NSS Unit (National Service Scheme),Stable,Pending,
QA133,What is Orion Club - Aeronautics Society?,"Orion Club - Aeronautics Society: Designs and studies aircraft systems through applied research and projects (aerodynamics, propulsion, aerospace design).",Student Life,Student Clubs,website,MU-148,SRC-W-14,https://www.mahindrauniversity.edu.in/student-clubs/,Student Clubs | Mahindra University,Orion Club - Aeronautics Society,Stable,Pending,
QA134,What is Outreach & Social Impact Club?,"Outreach & Social Impact Club: Teaching, awareness and support programmes extending MU's community values beyond campus.",Student Life,Student Clubs,website,MU-149,SRC-W-14,https://www.mahindrauniversity.edu.in/student-clubs/,Student Clubs | Mahindra University,Outreach & Social Impact Club,Stable,Pending,
QA135,What is Palaestro - Fitness Club?,"Palaestro - Fitness Club: Group workouts, challenges and events promoting an active lifestyle.",Student Life,Student Clubs,website,MU-150,SRC-W-14,https://www.mahindrauniversity.edu.in/student-clubs/,Student Clubs | Mahindra University,Palaestro - Fitness Club,Stable,Pending,
QA136,What is Power Speakers Club?,Power Speakers Club: Public speaking and leadership workshops with feedback.,Student Life,Student Clubs,website,MU-151,SRC-W-14,https://www.mahindrauniversity.edu.in/student-clubs/,Student Clubs | Mahindra University,Power Speakers Club,Stable,Pending,
QA137,What is Roboverse - Robotics Club?,"Roboverse - Robotics Club: Designs and prototypes intelligent robotic systems integrating mechanics, electronics and AI.",Student Life,Student Clubs,website,MU-152,SRC-W-14,https://www.mahindrauniversity.edu.in/student-clubs/,Student Clubs | Mahindra University,Roboverse - Robotics Club,Stable,Pending,
QA138,What is SAE Aero Division?,SAE Aero Division: Aircraft design and testing for national-level competitions.,Student Life,Student Clubs,website,MU-153,SRC-W-14,https://www.mahindrauniversity.edu.in/student-clubs/,Student Clubs | Mahindra University,SAE Aero Division,Stable,Pending,
QA139,What is SAE BAJA Division?,"SAE BAJA Division: Designs, builds and races off-road vehicles for BAJA events.",Student Life,Student Clubs,website,MU-154,SRC-W-14,https://www.mahindrauniversity.edu.in/student-clubs/,Student Clubs | Mahindra University,SAE BAJA Division,Stable,Pending,
QA140,What is Secret Garden - Cybersecurity Club?,Secret Garden - Cybersecurity Club: Training in ethical hacking and secure software design.,Student Life,Student Clubs,website,MU-155,SRC-W-14,https://www.mahindrauniversity.edu.in/student-clubs/,Student Clubs | Mahindra University,Secret Garden - Cybersecurity Club,Stable,Pending,
QA141,What is SPIC MACAY - MU Chapter?,SPIC MACAY - MU Chapter: Hosts classical music and art performances.,Student Life,Student Clubs,website,MU-156,SRC-W-14,https://www.mahindrauniversity.edu.in/student-clubs/,Student Clubs | Mahindra University,SPIC MACAY - MU Chapter,Stable,Pending,
QA142,What is SRELP - Society for Research in Environmental Law & Policy?,"SRELP - Society for Research in Environmental Law & Policy: Combines law and sustainability through seminars, writing and policy research.",Student Life,Student Clubs,website,MU-157,SRC-W-14,https://www.mahindrauniversity.edu.in/student-clubs/,Student Clubs | Mahindra University,SRELP - Society for Research in Environmental Law & Policy,Stable,Pending,
QA143,What is Synolo - Music Club?,Synolo - Music Club: Brings together singers and musicians to perform across genres.,Student Life,Student Clubs,website,MU-158,SRC-W-14,https://www.mahindrauniversity.edu.in/student-clubs/,Student Clubs | Mahindra University,Synolo - Music Club,Stable,Pending,
QA144,What is TEDx Mahindra University?,"TEDx Mahindra University: Organises independently curated TEDx events; students learn curation, production and event management.",Student Life,Student Clubs,website,MU-159,SRC-W-14,https://www.mahindrauniversity.edu.in/student-clubs/,Student Clubs | Mahindra University,TEDx Mahindra University,Stable,Pending,
QA145,What is The Fashion Club - Voguenze?,"The Fashion Club - Voguenze: Designs, styles and showcases fashion as creative storytelling.",Student Life,Student Clubs,website,MU-160,SRC-W-14,https://www.mahindrauniversity.edu.in/student-clubs/,Student Clubs | Mahindra University,The Fashion Club - Voguenze,Stable,Pending,
QA146,What is The Yoga Club?,The Yoga Club: Structured yoga sessions promoting physical and mental harmony.,Student Life,Student Clubs,website,MU-161,SRC-W-14,https://www.mahindrauniversity.edu.in/student-clubs/,Student Clubs | Mahindra University,The Yoga Club,Stable,Pending,
QA147,What is Zenith Science Club?,"Zenith Science Club: Experimentation and inquiry across disciplines through demonstrations, outreach sessions and discussions.",Student Life,Student Clubs,website,MU-162,SRC-W-14,https://www.mahindrauniversity.edu.in/student-clubs/,Student Clubs | Mahindra University,Zenith Science Club,Stable,Pending,
QA148,What research figures does Mahindra University report?,"The homepage shows 1500+ publications in national and international peer-reviewed journals, 20+ active research areas and 15+ funded consultancy projects.",Research & Innovation,Overview,website,MU-163,SRC-W-02,https://www.mahindrauniversity.edu.in/,Mahindra University: Best Private University in Hyderabad,Research at Mahindra University,Changes each term,Pending,
QA149,What sections does the Research and Innovation part of the website have?,Research Labs; Publications & Patents; Research-based Consultancy; Sponsored Research Programmes; Research MoUs & Agreements; Advisory Council; Expertise Finder; Conferences; News & Press Releases.,Research & Innovation,Research Pages,website,MU-164,SRC-W-02,https://www.mahindrauniversity.edu.in/,Mahindra University: Best Private University in Hyderabad,Research and Innovation section pages,Stable,Pending,
QA150,What is ICETCI 2026?,"The Sixth International Conference on Emerging Techniques in Computational Intelligence. The homepage event card date is 19 Aug, and an Instagram post on the homepage gives the conference dates as 19-22 August 2026.",Events & News,Events,website,MU-168,SRC-W-02,https://www.mahindrauniversity.edu.in/,Mahindra University: Best Private University in Hyderabad,ICETCI 2026,Changes each term,Pending,
QA151,What is the Periodic Risk Tables event?,'Periodic Risk Tables: Toolkit for Developing Resilient Organisations' is an event about the Periodic Table of Enterprise Risks (PTER) and Periodic Risk Tables (PRTs). The homepage card date is 19 Jun.,Events & News,Events,website,MU-169,SRC-W-02,https://www.mahindrauniversity.edu.in/,Mahindra University: Best Private University in Hyderabad,Periodic Risk Tables event,Changes each term,Pending,
QA152,What is the Full-day Workshop on Research Grant Writing?,A workshop by the MU-VT Interdisciplinary Advanced Research Center for Transformative Technologies (IARCT2) with Virginia Tech. The homepage card date is 27 Feb.,Events & News,Events,website,MU-170,SRC-W-02,https://www.mahindrauniversity.edu.in/,Mahindra University: Best Private University in Hyderabad,Workshop on Research Grant Writing,Changes each term,Pending,
QA153,What is AIRO 2026?,Mahindra University's inter-collegiate sports fest. The homepage card date is 29 Jan.,Events & News,Events,website,MU-171; MU-116,SRC-W-02; SRC-W-14,https://www.mahindrauniversity.edu.in/; https://www.mahindrauniversity.edu.in/student-clubs/,Mahindra University: Best Private University in Hyderabad; Student Clubs | Mahindra University,AIRO 2026,Changes each term,Pending,MU-116 describes AIRO as the annual sports festival managed by the Aether & AIRO Committees.
QA154,What is the Workshop on Trends in Modern Decision Making?,"The Workshop on Trends in Modern Decision Making: Applications of MCDM and Optimisation. The homepage card date is 15 Dec, while the card text mentions a 5-day event at Mahindra University, Hyderabad, from June 23-27, 2025 (the dates differ on the card).",Events & News,Events,website,MU-172,SRC-W-02,https://www.mahindrauniversity.edu.in/,Mahindra University: Best Private University in Hyderabad,Workshop on Trends in Modern Decision Making,Changes each term,Pending,
QA155,What was the Amish Tripathi session at Mahindra University?,The Erudite - Literary and Debate Club hosted an evening of questions and answers with Amish Tripathi on mythology. The homepage card date is 1 Oct.,Events & News,Events,website,MU-173,SRC-W-02,https://www.mahindrauniversity.edu.in/,Mahindra University: Best Private University in Hyderabad,Amish Tripathi session,Changes each term,Pending,
QA156,What is ICPEEV 2026?,"The IEEE IES technically co-sponsored first International Conference on Cyber Physical Systems, Power Electronics and Electric Vehicles - 2026.",Events & News,Events,website,MU-174,SRC-W-02,https://www.mahindrauniversity.edu.in/,Mahindra University: Best Private University in Hyderabad,ICPEEV 2026,Changes each term,Pending,
QA157,What is the International Conference on Contemporary Communication and Secure Networks (CCSN)?,It is listed as an announcement on the Mahindra University homepage.,Events & News,Events,website,MU-175,SRC-W-02,https://www.mahindrauniversity.edu.in/,Mahindra University: Best Private University in Hyderabad,CCSN conference,Changes each term,Pending,
QA158,What is the Massey University partnership?,Mahindra University and Massey University celebrate a new partnership with a delegation visit to New Zealand.,Events & News,News,website,MU-176,SRC-W-02,https://www.mahindrauniversity.edu.in/,Mahindra University: Best Private University in Hyderabad,Massey University partnership,Changes each term,Pending,
QA159,What was announced about M&M shares received as an endowment contribution?,Announcement about monetisation of M&M shares received as an endowment contribution.,Events & News,News,website,MU-177,SRC-W-02,https://www.mahindrauniversity.edu.in/,Mahindra University: Best Private University in Hyderabad,Monetisation of M&M shares received as endowment contribution,Changes each term,Pending,
QA160,What contribution of M&M shares was announced by Anuradha and Anand Mahindra?,Announcement of a contribution of M&M shares by Anuradha and Anand Mahindra to Mahindra University.,Events & News,News,website,MU-178,SRC-W-02,https://www.mahindrauniversity.edu.in/,Mahindra University: Best Private University in Hyderabad,Contribution of M&M shares by Anuradha and Anand Mahindra,Changes each term,Pending,
QA161,Who won the 2026 Sang Soo Lee Award from Optica?,Mahindra University's Bishnu Pal wins the 2026 Sang Soo Lee Award from Optica.,Events & News,News,website,MU-179,SRC-W-02,https://www.mahindrauniversity.edu.in/,Mahindra University: Best Private University in Hyderabad,Bishnu Pal wins 2026 Sang Soo Lee Award from Optica,Changes each term,Pending,
QA162,What is Mahindra University's partnership with Boltzmann Labs?,Mahindra University partners with Boltzmann Labs to advance AI-driven life sciences research.,Events & News,News,website,MU-180,SRC-W-02,https://www.mahindrauniversity.edu.in/,Mahindra University: Best Private University in Hyderabad,Partnership with Boltzmann Labs,Changes each term,Pending,
QA163,Where is the École Centrale School of Engineering on campus?,"The campus map has a label for the École Centrale School of Engineering (spelling still to be verified) and a wayfinding sign that reads 'left arrow, 5 min from sign'. The website lists it as one of the seven schools but gives no location.",Campus & Facilities,Campus Map,campus_map; website,MAP-001; MAP-018; MU-011; MU-012,SRC-M-01; SRC-M-02; SRC-W-02,https://www.mahindrauniversity.edu.in/,closeup; full_sign; Mahindra University: Best Private University in Hyderabad,École Centrale School of Engineering,Needs review,Pending,Multi-source. Stability marked for review because the wayfinding part depends on the unrecorded sign position.
QA164,Where is the Academic Block?,"The campus map has an 'Academic Block' label, and a wayfinding sign for it reads 'left arrow, 6 min from sign'. No other location detail is recorded.",Campus & Facilities,Campus Map,campus_map,MAP-002; MAP-015,SRC-M-01; SRC-M-02,,closeup; full_sign,Academic Block,Needs review,Pending,Stability marked for review because the wayfinding part depends on the unrecorded sign position.
QA165,Where is the Vineet Nayyar Academic Block?,"The campus map has a 'Vineet Nayyar Academic Block' label, and a wayfinding sign for it reads 'left arrow, 9 min from sign'. No other location detail is recorded.",Campus & Facilities,Campus Map,campus_map,MAP-003; MAP-017,SRC-M-01; SRC-M-02,,closeup; full_sign,Vineet Nayyar Academic Block,Needs review,Pending,Stability marked for review because the wayfinding part depends on the unrecorded sign position.
QA166,Where is Hostel 5?,"A wayfinding sign for Hostel 5 on the campus map reads 'straight, 1 min from sign'. No other location detail is recorded.",Campus & Facilities,Campus Map,campus_map,MAP-012,SRC-M-02,,full_sign,Hostel 5,Needs review,Pending,Stability marked for review because the wayfinding part depends on the unrecorded sign position.
QA167,"Where are Hostels 1, 2, 3 and 4?","A wayfinding sign for 'Hostel 1, 2, 3, 4' on the campus map reads 'left arrow, 8 min from sign'. No other location detail is recorded.",Campus & Facilities,Campus Map,campus_map,MAP-019,SRC-M-02,,full_sign,"Hostel 1, 2, 3, 4",Needs review,Pending,Stability marked for review because the wayfinding part depends on the unrecorded sign position.
QA168,Is there a soccer field on the campus map?,"Yes. The campus map has a label for a 'Soccer Field'. No direction, distance or other location detail is recorded.",Campus & Facilities,Campus Map,campus_map,MAP-006,SRC-M-01,,closeup,Soccer Field,Stable,Pending,
QA169,Where is the Convention Centre?,"The campus map has a 'Convention Centre' label, and a wayfinding sign (spelled 'Convention Center') reads 'left arrow, 9 min from sign'. No other location detail is recorded.",Campus & Facilities,Campus Map,campus_map,MAP-007; MAP-016,SRC-M-01; SRC-M-02,,closeup; full_sign,Convention Centre,Needs review,Pending,Stability marked for review because the wayfinding part depends on the unrecorded sign position.
QA170,Is there an NCC office on campus?,The campus map has a label for an 'NCC Office'. No other detail is recorded.,Campus & Facilities,Campus Map,campus_map,MAP-008,SRC-M-01,,closeup,NCC Office,Stable,Pending,
QA171,Is there an Infra Office on campus?,The campus map has a label for an 'Infra Office'. No other detail is recorded.,Campus & Facilities,Campus Map,campus_map,MAP-009,SRC-M-01,,closeup,Infra Office,Stable,Pending,
QA172,Where is the Main Gate?,"A wayfinding sign for the Main Gate on the campus map reads 'left arrow, 7 min from sign'. No other location detail is recorded.",Campus & Facilities,Campus Map,campus_map,MAP-010,SRC-M-02,,full_sign,Main Gate,Needs review,Pending,Stability marked for review because the wayfinding part depends on the unrecorded sign position.
QA173,Where is the Health Care Centre?,"A wayfinding sign for the Health Care Centre on the campus map reads 'straight, 1 min from sign'. No other location detail is recorded.",Campus & Facilities,Campus Map,campus_map,MAP-011,SRC-M-02,,full_sign,Health Care Centre,Needs review,Pending,Stability marked for review because the wayfinding part depends on the unrecorded sign position.
QA174,How do I find the schools on the campus map?,"A wayfinding sign labelled 'Schools' on the campus map reads 'down arrow, 2 min from sign'. The sign does not name individual schools.",Campus & Facilities,Campus Map,campus_map,MAP-013,SRC-M-02,,full_sign,Schools,Needs review,Pending,Stability marked for review because the wayfinding part depends on the unrecorded sign position.
QA175,What places are marked on the Mahindra University campus map?,"Labels: École Centrale School of Engineering, Academic Block, Vineet Nayyar Academic Block, Hostels, Guest House, Soccer Field, Convention Centre, NCC Office and Infra Office. Wayfinding signs: Main Gate, Health Care Centre, Hostel 5, Schools, Guest House, Academic Block, Convention Center, Vineet Nayyar Academic Block, École Centrale School of Engineering and Hostel 1, 2, 3, 4.",Campus & Facilities,Campus Map,campus_map,MAP-001; MAP-002; MAP-003; MAP-004; MAP-005; MAP-006; MAP-007; MAP-008; MAP-009; MAP-010; MAP-011; MAP-012; MAP-013; MAP-014; MAP-015; MAP-016; MAP-017; MAP-018; MAP-019,SRC-M-01; SRC-M-02,,closeup; full_sign,Campus map,Stable,Pending,
