pdf_url,filename,linked_from,captured_at
https://www.mahindrauniversity.edu.in/wp-content/uploads/2026/03/Academic-Calendar-2025-26.pdf,Academic-Calendar-2025-26.pdf,https://www.mahindrauniversity.edu.in/calendar/,2026-09-22
https://www.mahindrauniversity.edu.in/wp-content/uploads/2026/03/Appendix-8-Students-Code-of-Conduct_V1.pdf,Appendix-8-Students-Code-of-Conduct_V1.pdf,https://www.mahindrauniversity.edu.in/ | https://www.mahindrauniversity.edu.in/about-cei/ | https://www.mahindrauniversity.edu.in/about-us/ | https://www.mahindrauniversity.edu.in/about-us/academic-council/ | https://www.mahindrauniversity.edu.in/about-us/board-of-management/ | https://www.mahindrauniversity.edu.in/about-us/founding-team/ | https://www.mahindrauniversity.edu.in/about-us/governing-body/ | https://www.mahindrauniversity.edu.in/about-us/leadership/ | https://www.mahindrauniversity.edu.in/bajaj-engineering-skills-training-best-centre/ | https://www.mahindrauniversity.edu.in/calendar/ | https://www.mahindrauniversity.edu.in/center-for-sustainability/ | https://www.mahindrauniversity.edu.in/collaborations-mous/ | https://www.mahindrauniversity.edu.in/conference-workshop/icpeev-2026/ | https://www.mahindrauniversity.edu.in/events/airo-2026/ | https://www.mahindrauniversity.edu.in/events/amish-tripathi-enthralls-students-in-an-evening-filled-with-questions-and-answers-on-mythology/ | https://www.mahindrauniversity.edu.in/events/icetci-2026/ | https://www.mahindrauniversity.edu.in/events/importance-of-planetary-well-being-in-the-contemporary-world/ | https://www.mahindrauniversity.edu.in/events/periodic-risk-tables-toolkit-for-developing-resilient-organisations/ | https://www.mahindrauniversity.edu.in/events/students-from-the-school-of-design-innovation-mahindra-university-visited-ramoji-film-city/ | https://www.mahindrauniversity.edu.in/events/workshop-on-trends-in-modern-decision-making-applications-of-mcdm-and-optimisation/ | https://www.mahindrauniversity.edu.in/executive-education/ | https://www.mahindrauniversity.edu.in/faculties/ | https://www.mahindrauniversity.edu.in/global-centre-for-enterprise-risk-management/ | https://www.mahindrauniversity.edu.in/life-science/ | https://www.mahindrauniversity.edu.in/mahindra-university-virginia-tech/ | https://www.mahindrauniversity.edu.in/media-releases/ | https://www.mahindrauniversity.edu.in/media-releases/mahindra-university-and-massey-university-celebrate-new-partnership-with-delegation-visit-to-new-zealand/ | https://www.mahindrauniversity.edu.in/media-releases/mahindra-university-hosts-pmi-pearl-city-chapter-expands-project-management-opportunities-for-students-2/ | https://www.mahindrauniversity.edu.in/media-releases/mahindra-university-partners-with-boltzmann-labs-to-advance-ai-driven-life-sciences-research/ | https://www.mahindrauniversity.edu.in/media-releases/mahindra-university-unveils-centre-for-language-learning-and-development-hosts-experiential-storytelling-workshop-for-teachers/ | https://www.mahindrauniversity.edu.in/media-releases/mahindra-universitys-bishnu-pal-wins-prestigious-2026-sang-soo-lee-award-from-optica/ | https://www.mahindrauniversity.edu.in/media-releases/strengthening-the-entrepreneurial-ecosystem-in-academia-aic-mahindra-organised-faculty-development-programme-fdp-to-equip-faculty-to-nurture-innovation-2/ | https://www.mahindrauniversity.edu.in/ph-d-programs/ | https://www.mahindrauniversity.edu.in/placement/ | https://www.mahindrauniversity.edu.in/post-graduate-programs/ | https://www.mahindrauniversity.edu.in/research/ | https://www.mahindrauniversity.edu.in/research/publications-and-patents/ | https://www.mahindrauniversity.edu.in/research/research-labs-at-mu/ | https://www.mahindrauniversity.edu.in/schools/ecole-centrale-school-of-engineering/ | https://www.mahindrauniversity.edu.in/schools/indira-mahindra-school-of-education/ | https://www.mahindrauniversity.edu.in/schools/school-of-design-innovation/ | https://www.mahindrauniversity.edu.in/schools/school-of-digital-media-and-communication/ | https://www.mahindrauniversity.edu.in/schools/school-of-hospitality-management/ | https://www.mahindrauniversity.edu.in/schools/school-of-law/ | https://www.mahindrauniversity.edu.in/schools/school-of-management/ | https://www.mahindrauniversity.edu.in/study-at-mahindra/ | https://www.mahindrauniversity.edu.in/under-graduate-programs/ | https://www.mahindrauniversity.edu.in/weekend-working-professionals-program/,2026-09-22
https://www.mahindrauniversity.edu.in/wp-content/uploads/2026/03/B.Tech-Admission-Notification-2026-27-1.pdf,B.Tech-Admission-Notification-2026-27-1.pdf,https://www.mahindrauniversity.edu.in/schools/ecole-centrale-school-of-engineering/,2026-09-22
https://www.mahindrauniversity.edu.in/wp-content/uploads/2026/03/Call-for-Abstract-Indira-Mahindra-School-of-Education-Mahindra-University-1.pdf,Call-for-Abstract-Indira-Mahindra-School-of-Education-Mahindra-University-1.pdf,https://www.mahindrauniversity.edu.in/schools/indira-mahindra-school-of-education/,2026-09-22
https://www.mahindrauniversity.edu.in/wp-content/uploads/2026/03/Format_Public_Self_Disclosure.pdf,Format_Public_Self_Disclosure.pdf,https://www.mahindrauniversity.edu.in/ | https://www.mahindrauniversity.edu.in/about-cei/ | https://www.mahindrauniversity.edu.in/about-us/ | https://www.mahindrauniversity.edu.in/about-us/academic-council/ | https://www.mahindrauniversity.edu.in/about-us/board-of-management/ | https://www.mahindrauniversity.edu.in/about-us/founding-team/ | https://www.mahindrauniversity.edu.in/about-us/governing-body/ | https://www.mahindrauniversity.edu.in/about-us/leadership/ | https://www.mahindrauniversity.edu.in/bajaj-engineering-skills-training-best-centre/ | https://www.mahindrauniversity.edu.in/calendar/ | https://www.mahindrauniversity.edu.in/center-for-sustainability/ | https://www.mahindrauniversity.edu.in/collaborations-mous/ | https://www.mahindrauniversity.edu.in/conference-workshop/icpeev-2026/ | https://www.mahindrauniversity.edu.in/events/airo-2026/ | https://www.mahindrauniversity.edu.in/events/amish-tripathi-enthralls-students-in-an-evening-filled-with-questions-and-answers-on-mythology/ | https://www.mahindrauniversity.edu.in/events/icetci-2026/ | https://www.mahindrauniversity.edu.in/events/importance-of-planetary-well-being-in-the-contemporary-world/ | https://www.mahindrauniversity.edu.in/events/periodic-risk-tables-toolkit-for-developing-resilient-organisations/ | https://www.mahindrauniversity.edu.in/events/students-from-the-school-of-design-innovation-mahindra-university-visited-ramoji-film-city/ | https://www.mahindrauniversity.edu.in/events/workshop-on-trends-in-modern-decision-making-applications-of-mcdm-and-optimisation/ | https://www.mahindrauniversity.edu.in/executive-education/ | https://www.mahindrauniversity.edu.in/faculties/ | https://www.mahindrauniversity.edu.in/global-centre-for-enterprise-risk-management/ | https://www.mahindrauniversity.edu.in/life-science/ | https://www.mahindrauniversity.edu.in/mahindra-university-virginia-tech/ | https://www.mahindrauniversity.edu.in/media-releases/ | https://www.mahindrauniversity.edu.in/media-releases/mahindra-university-and-massey-university-celebrate-new-partnership-with-delegation-visit-to-new-zealand/ | https://www.mahindrauniversity.edu.in/media-releases/mahindra-university-hosts-pmi-pearl-city-chapter-expands-project-management-opportunities-for-students-2/ | https://www.mahindrauniversity.edu.in/media-releases/mahindra-university-partners-with-boltzmann-labs-to-advance-ai-driven-life-sciences-research/ | https://www.mahindrauniversity.edu.in/media-releases/mahindra-university-unveils-centre-for-language-learning-and-development-hosts-experiential-storytelling-workshop-for-teachers/ | https://www.mahindrauniversity.edu.in/media-releases/mahindra-universitys-bishnu-pal-wins-prestigious-2026-sang-soo-lee-award-from-optica/ | https://www.mahindrauniversity.edu.in/media-releases/strengthening-the-entrepreneurial-ecosystem-in-academia-aic-mahindra-organised-faculty-development-programme-fdp-to-equip-faculty-to-nurture-innovation-2/ | https://www.mahindrauniversity.edu.in/ph-d-programs/ | https://www.mahindrauniversity.edu.in/placement/ | https://www.mahindrauniversity.edu.in/post-graduate-programs/ | https://www.mahindrauniversity.edu.in/research/ | https://www.mahindrauniversity.edu.in/research/publications-and-patents/ | https://www.mahindrauniversity.edu.in/research/research-labs-at-mu/ | https://www.mahindrauniversity.edu.in/schools/ecole-centrale-school-of-engineering/ | https://www.mahindrauniversity.edu.in/schools/indira-mahindra-school-of-education/ | https://www.mahindrauniversity.edu.in/schools/school-of-design-innovation/ | https://www.mahindrauniversity.edu.in/schools/school-of-digital-media-and-communication/ | https://www.mahindrauniversity.edu.in/schools/school-of-hospitality-management/ | https://www.mahindrauniversity.edu.in/schools/school-of-law/ | https://www.mahindrauniversity.edu.in/schools/school-of-management/ | https://www.mahindrauniversity.edu.in/study-at-mahindra/ | https://www.mahindrauniversity.edu.in/under-graduate-programs/ | https://www.mahindrauniversity.edu.in/weekend-working-professionals-program/,2026-09-22
https://www.mahindrauniversity.edu.in/wp-content/uploads/2026/03/IMSE-BROCHURE-2025-final.pdf,IMSE-BROCHURE-2025-final.pdf,https://www.mahindrauniversity.edu.in/schools/indira-mahindra-school-of-education/,2026-09-22
https://www.mahindrauniversity.edu.in/wp-content/uploads/2026/03/IMSoE-Publications-21022024.pdf,IMSoE-Publications-21022024.pdf,https://www.mahindrauniversity.edu.in/research/publications-and-patents/,2026-09-22
https://www.mahindrauniversity.edu.in/wp-content/uploads/2026/03/Internship-lists-Pl-Bro.pdf,Internship-lists-Pl-Bro.pdf,https://www.mahindrauniversity.edu.in/placement/,2026-09-22
https://www.mahindrauniversity.edu.in/wp-content/uploads/2026/03/MU-Brochure-6-pager-2025.pdf,MU-Brochure-6-pager-2025.pdf,https://www.mahindrauniversity.edu.in/ | https://www.mahindrauniversity.edu.in/about-cei/ | https://www.mahindrauniversity.edu.in/about-us/ | https://www.mahindrauniversity.edu.in/about-us/academic-council/ | https://www.mahindrauniversity.edu.in/about-us/board-of-management/ | https://www.mahindrauniversity.edu.in/about-us/founding-team/ | https://www.mahindrauniversity.edu.in/about-us/governing-body/ | https://www.mahindrauniversity.edu.in/about-us/leadership/ | https://www.mahindrauniversity.edu.in/bajaj-engineering-skills-training-best-centre/ | https://www.mahindrauniversity.edu.in/calendar/ | https://www.mahindrauniversity.edu.in/center-for-sustainability/ | https://www.mahindrauniversity.edu.in/collaborations-mous/ | https://www.mahindrauniversity.edu.in/conference-workshop/icpeev-2026/ | https://www.mahindrauniversity.edu.in/events/airo-2026/ | https://www.mahindrauniversity.edu.in/events/amish-tripathi-enthralls-students-in-an-evening-filled-with-questions-and-answers-on-mythology/ | https://www.mahindrauniversity.edu.in/events/icetci-2026/ | https://www.mahindrauniversity.edu.in/events/importance-of-planetary-well-being-in-the-contemporary-world/ | https://www.mahindrauniversity.edu.in/events/periodic-risk-tables-toolkit-for-developing-resilient-organisations/ | https://www.mahindrauniversity.edu.in/events/students-from-the-school-of-design-innovation-mahindra-university-visited-ramoji-film-city/ | https://www.mahindrauniversity.edu.in/events/workshop-on-trends-in-modern-decision-making-applications-of-mcdm-and-optimisation/ | https://www.mahindrauniversity.edu.in/executive-education/ | https://www.mahindrauniversity.edu.in/faculties/ | https://www.mahindrauniversity.edu.in/global-centre-for-enterprise-risk-management/ | https://www.mahindrauniversity.edu.in/life-science/ | https://www.mahindrauniversity.edu.in/mahindra-university-virginia-tech/ | https://www.mahindrauniversity.edu.in/media-releases/ | https://www.mahindrauniversity.edu.in/media-releases/mahindra-university-and-massey-university-celebrate-new-partnership-with-delegation-visit-to-new-zealand/ | https://www.mahindrauniversity.edu.in/media-releases/mahindra-university-hosts-pmi-pearl-city-chapter-expands-project-management-opportunities-for-students-2/ | https://www.mahindrauniversity.edu.in/media-releases/mahindra-university-partners-with-boltzmann-labs-to-advance-ai-driven-life-sciences-research/ | https://www.mahindrauniversity.edu.in/media-releases/mahindra-university-unveils-centre-for-language-learning-and-development-hosts-experiential-storytelling-workshop-for-teachers/ | https://www.mahindrauniversity.edu.in/media-releases/mahindra-universitys-bishnu-pal-wins-prestigious-2026-sang-soo-lee-award-from-optica/ | https://www.mahindrauniversity.edu.in/media-releases/strengthening-the-entrepreneurial-ecosystem-in-academia-aic-mahindra-organised-faculty-development-programme-fdp-to-equip-faculty-to-nurture-innovation-2/ | https://www.mahindrauniversity.edu.in/ph-d-programs/ | https://www.mahindrauniversity.edu.in/placement/ | https://www.mahindrauniversity.edu.in/post-graduate-programs/ | https://www.mahindrauniversity.edu.in/research/ | https://www.mahindrauniversity.edu.in/research/publications-and-patents/ | https://www.mahindrauniversity.edu.in/research/research-labs-at-mu/ | https://www.mahindrauniversity.edu.in/schools/ecole-centrale-school-of-engineering/ | https://www.mahindrauniversity.edu.in/schools/indira-mahindra-school-of-education/ | https://www.mahindrauniversity.edu.in/schools/school-of-design-innovation/ | https://www.mahindrauniversity.edu.in/schools/school-of-digital-media-and-communication/ | https://www.mahindrauniversity.edu.in/schools/school-of-hospitality-management/ | https://www.mahindrauniversity.edu.in/schools/school-of-law/ | https://www.mahindrauniversity.edu.in/schools/school-of-management/ | https://www.mahindrauniversity.edu.in/study-at-mahindra/ | https://www.mahindrauniversity.edu.in/under-graduate-programs/ | https://www.mahindrauniversity.edu.in/weekend-working-professionals-program/,2026-09-22
https://www.mahindrauniversity.edu.in/wp-content/uploads/2026/03/MU-CEE-Brochure-1.pdf,MU-CEE-Brochure-1.pdf,https://www.mahindrauniversity.edu.in/executive-education/,2026-09-22
https://www.mahindrauniversity.edu.in/wp-content/uploads/2026/03/Mahindra-University-Hyd-Placements-Brochure2021.pdf,Mahindra-University-Hyd-Placements-Brochure2021.pdf,https://www.mahindrauniversity.edu.in/placement/,2026-09-22
https://www.mahindrauniversity.edu.in/wp-content/uploads/2026/03/Mahindra-University_Academic-Calendar-2024-25.pdf,Mahindra-University_Academic-Calendar-2024-25.pdf,https://www.mahindrauniversity.edu.in/calendar/,2026-09-22
https://www.mahindrauniversity.edu.in/wp-content/uploads/2026/03/Placement-Brochure-2022_23_0.pdf,Placement-Brochure-2022_23_0.pdf,https://www.mahindrauniversity.edu.in/placement/,2026-09-22
https://www.mahindrauniversity.edu.in/wp-content/uploads/2026/03/Placements-Brochure-2020.pdf,Placements-Brochure-2020.pdf,https://www.mahindrauniversity.edu.in/placement/,2026-09-22
https://www.mahindrauniversity.edu.in/wp-content/uploads/2026/03/SUSTAINABILITY-SNAPSHOT-VOLUME-1.pdf,SUSTAINABILITY-SNAPSHOT-VOLUME-1.pdf,https://www.mahindrauniversity.edu.in/center-for-sustainability/,2026-09-22
https://www.mahindrauniversity.edu.in/wp-content/uploads/2026/03/School-of-Media-Pubs.pdf,School-of-Media-Pubs.pdf,https://www.mahindrauniversity.edu.in/research/publications-and-patents/,2026-09-22
https://www.mahindrauniversity.edu.in/wp-content/uploads/2026/03/SoL-Admission-Notification-2025-26-Final.pdf,SoL-Admission-Notification-2025-26-Final.pdf,https://www.mahindrauniversity.edu.in/schools/school-of-law/,2026-09-22
https://www.mahindrauniversity.edu.in/wp-content/uploads/2026/03/SoM-Admission-Notification-2025-1103.pdf,SoM-Admission-Notification-2025-1103.pdf,https://www.mahindrauniversity.edu.in/schools/school-of-management/,2026-09-22
https://www.mahindrauniversity.edu.in/wp-content/uploads/2026/03/SoMe-Admission-Notification-2025-26-Final.pdf,SoMe-Admission-Notification-2025-26-Final.pdf,https://www.mahindrauniversity.edu.in/schools/school-of-digital-media-and-communication/,2026-09-22
https://www.mahindrauniversity.edu.in/wp-content/uploads/2026/03/covid-sop.pdf,covid-sop.pdf,https://www.mahindrauniversity.edu.in/ | https://www.mahindrauniversity.edu.in/about-cei/ | https://www.mahindrauniversity.edu.in/about-us/ | https://www.mahindrauniversity.edu.in/about-us/academic-council/ | https://www.mahindrauniversity.edu.in/about-us/board-of-management/ | https://www.mahindrauniversity.edu.in/about-us/founding-team/ | https://www.mahindrauniversity.edu.in/about-us/governing-body/ | https://www.mahindrauniversity.edu.in/about-us/leadership/ | https://www.mahindrauniversity.edu.in/bajaj-engineering-skills-training-best-centre/ | https://www.mahindrauniversity.edu.in/calendar/ | https://www.mahindrauniversity.edu.in/center-for-sustainability/ | https://www.mahindrauniversity.edu.in/collaborations-mous/ | https://www.mahindrauniversity.edu.in/conference-workshop/icpeev-2026/ | https://www.mahindrauniversity.edu.in/events/airo-2026/ | https://www.mahindrauniversity.edu.in/events/amish-tripathi-enthralls-students-in-an-evening-filled-with-questions-and-answers-on-mythology/ | https://www.mahindrauniversity.edu.in/events/icetci-2026/ | https://www.mahindrauniversity.edu.in/events/importance-of-planetary-well-being-in-the-contemporary-world/ | https://www.mahindrauniversity.edu.in/events/periodic-risk-tables-toolkit-for-developing-resilient-organisations/ | https://www.mahindrauniversity.edu.in/events/students-from-the-school-of-design-innovation-mahindra-university-visited-ramoji-film-city/ | https://www.mahindrauniversity.edu.in/events/workshop-on-trends-in-modern-decision-making-applications-of-mcdm-and-optimisation/ | https://www.mahindrauniversity.edu.in/executive-education/ | https://www.mahindrauniversity.edu.in/faculties/ | https://www.mahindrauniversity.edu.in/global-centre-for-enterprise-risk-management/ | https://www.mahindrauniversity.edu.in/life-science/ | https://www.mahindrauniversity.edu.in/mahindra-university-virginia-tech/ | https://www.mahindrauniversity.edu.in/media-releases/ | https://www.mahindrauniversity.edu.in/media-releases/mahindra-university-and-massey-university-celebrate-new-partnership-with-delegation-visit-to-new-zealand/ | https://www.mahindrauniversity.edu.in/media-releases/mahindra-university-hosts-pmi-pearl-city-chapter-expands-project-management-opportunities-for-students-2/ | https://www.mahindrauniversity.edu.in/media-releases/mahindra-university-partners-with-boltzmann-labs-to-advance-ai-driven-life-sciences-research/ | https://www.mahindrauniversity.edu.in/media-releases/mahindra-university-unveils-centre-for-language-learning-and-development-hosts-experiential-storytelling-workshop-for-teachers/ | https://www.mahindrauniversity.edu.in/media-releases/mahindra-universitys-bishnu-pal-wins-prestigious-2026-sang-soo-lee-award-from-optica/ | https://www.mahindrauniversity.edu.in/media-releases/strengthening-the-entrepreneurial-ecosystem-in-academia-aic-mahindra-organised-faculty-development-programme-fdp-to-equip-faculty-to-nurture-innovation-2/ | https://www.mahindrauniversity.edu.in/ph-d-programs/ | https://www.mahindrauniversity.edu.in/placement/ | https://www.mahindrauniversity.edu.in/post-graduate-programs/ | https://www.mahindrauniversity.edu.in/research/ | https://www.mahindrauniversity.edu.in/research/publications-and-patents/ | https://www.mahindrauniversity.edu.in/research/research-labs-at-mu/ | https://www.mahindrauniversity.edu.in/schools/ecole-centrale-school-of-engineering/ | https://www.mahindrauniversity.edu.in/schools/indira-mahindra-school-of-education/ | https://www.mahindrauniversity.edu.in/schools/school-of-design-innovation/ | https://www.mahindrauniversity.edu.in/schools/school-of-digital-media-and-communication/ | https://www.mahindrauniversity.edu.in/schools/school-of-hospitality-management/ | https://www.mahindrauniversity.edu.in/schools/school-of-law/ | https://www.mahindrauniversity.edu.in/schools/school-of-management/ | https://www.mahindrauniversity.edu.in/study-at-mahindra/ | https://www.mahindrauniversity.edu.in/under-graduate-programs/ | https://www.mahindrauniversity.edu.in/weekend-working-professionals-program/,2026-09-22
https://www.mahindrauniversity.edu.in/wp-content/uploads/2026/04/AIC-AICTE-Faculty-Development-Programme.pdf,AIC-AICTE-Faculty-Development-Programme.pdf,https://www.mahindrauniversity.edu.in/media-releases/strengthening-the-entrepreneurial-ecosystem-in-academia-aic-mahindra-organised-faculty-development-programme-fdp-to-equip-faculty-to-nurture-innovation-2/,2026-09-22
https://www.mahindrauniversity.edu.in/wp-content/uploads/2026/04/B.Tech-M.Tech-WPP-Application-Form-2024-25-1-1.pdf,B.Tech-M.Tech-WPP-Application-Form-2024-25-1-1.pdf,https://www.mahindrauniversity.edu.in/weekend-working-professionals-program/,2026-09-22
https://www.mahindrauniversity.edu.in/wp-content/uploads/2026/04/ISLD-Conference-Press-Release-.pdf,ISLD-Conference-Press-Release-.pdf,https://www.mahindrauniversity.edu.in/media-releases/mahindra-university-hosts-pmi-pearl-city-chapter-expands-project-management-opportunities-for-students-2/,2026-09-22
https://www.mahindrauniversity.edu.in/wp-content/uploads/2026/06/Academic-Calendar-2026-2027.pdf,Academic-Calendar-2026-2027.pdf,https://www.mahindrauniversity.edu.in/calendar/,2026-09-22
https://www.mahindrauniversity.edu.in/wp-content/uploads/2026/06/List-of-All-ECSoE-Publications.pdf,List-of-All-ECSoE-Publications.pdf,https://www.mahindrauniversity.edu.in/research/publications-and-patents/,2026-09-22
https://www.mahindrauniversity.edu.in/wp-content/uploads/2026/06/SoM-Publications.pdf,SoM-Publications.pdf,https://www.mahindrauniversity.edu.in/research/publications-and-patents/,2026-09-22
https://www.mahindrauniversity.edu.in/wp-content/uploads/2026/07/CEE-Open-Programme-Calendar-2026-27.pdf,CEE-Open-Programme-Calendar-2026-27.pdf,https://www.mahindrauniversity.edu.in/executive-education/,2026-09-22
https://www.mahindrauniversity.edu.in/wp-content/uploads/2026/07/Mahindra-University-RISE-Scholars-Program-SoHM.pdf,Mahindra-University-RISE-Scholars-Program-SoHM.pdf,https://www.mahindrauniversity.edu.in/schools/school-of-hospitality-management/,2026-09-22
https://www.mahindrauniversity.edu.in/wp-content/uploads/2026/07/SoH-Admission-Notification-2026-27.pdf,SoH-Admission-Notification-2026-27.pdf,https://www.mahindrauniversity.edu.in/schools/school-of-hospitality-management/,2026-09-22
https://www.mahindrauniversity.edu.in/wp-content/uploads/2026/09/MoU-with-Massey-1.pdf,MoU-with-Massey-1.pdf,https://www.mahindrauniversity.edu.in/media-releases/mahindra-university-and-massey-university-celebrate-new-partnership-with-delegation-visit-to-new-zealand/,2026-09-22
https://www.mahindrauniversity.edu.in/wp-content/uploads/2026/09/Paper_Submission_Steps.pdf,Paper_Submission_Steps.pdf,https://www.mahindrauniversity.edu.in/conference-workshop/icpeev-2026/,2026-09-22
https://www.mahindrauniversity.edu.in/wp-content/uploads/2026/09/SOHM-BROCHURE-2026.pdf,SOHM-BROCHURE-2026.pdf,https://www.mahindrauniversity.edu.in/schools/school-of-hospitality-management/,2026-09-22
