id,group_id,instruction,response,tier,source_id,source_url,captured_at,verified_by,verified_at,legacy_id,notes
mu-000001,mu-000001,What is Mahindra University's tagline?,The tagline on the site is 'Global Thinkers. Engaged Leaders.',STATIC,SRC-W-01,https://www.mahindrauniversity.edu.in/about-us/,,,,QA001,
mu-000002,mu-000002,How does Mahindra University describe itself?,"It blends academic rigour, research and global exposure. The About page describes re-imagining growth-oriented education to empower global thinkers and engaged leaders through experiential learning, interdisciplinary research and real-world impact, and describes a green campus in Hyderabad with the spirit of 'Accepting No Limits'.",STATIC,SRC-W-01,https://www.mahindrauniversity.edu.in/about-us/,,,,QA002,
mu-000003,mu-000003,Where is Mahindra University located?,"Mahindra University, Survey No: 62/1A, Bahadurpally, Jeedimetla, Hyderabad - 500043, Telangana, India.",STATIC,SRC-W-09; SRC-W-01,https://www.mahindrauniversity.edu.in/contact-us/; https://www.mahindrauniversity.edu.in/about-us/,,,,QA003,
mu-000004,mu-000004,How can I contact Mahindra University?,"Landline 040-67135100; mobile +91 9618592999; WhatsApp 9121314154; alternative email info@mahindrauniversity.edu.in. The page also labels mahindrauni.hyd@gmail.com as the general enquiries email, but that link's mailto target is admissions@mahindrauniversity.edu.in.",STATIC,SRC-W-09,https://www.mahindrauniversity.edu.in/contact-us/,,,,QA004,draft stability_tag: Changes each term
mu-000005,mu-000005,Is there a virtual tour of the Mahindra University campus?,Yes. The site provides a Google Maps link and a 360-degree virtual campus tour: https://www.mahindrauniversity.edu.in/sites/virtual-tour-of-mu-campus.html,STATIC,SRC-W-09,https://www.mahindrauniversity.edu.in/contact-us/,,,,QA005,
mu-000006,mu-000006,How many students does Mahindra University have?,The homepage key figures state 6000+ students.,STATIC,SRC-W-02,https://www.mahindrauniversity.edu.in/,,,,QA006,draft stability_tag: Changes each term
mu-000007,mu-000007,What key figures does the Mahindra University homepage show?,"6000+ students, 4000+ placements to date, 400+ companies, 350+ faculty and 1500+ publications.",STATIC,SRC-W-02,https://www.mahindrauniversity.edu.in/,,,,QA007,draft stability_tag: Changes each term
mu-000008,mu-000008,How many faculty members does Mahindra University have?,The homepage states 350+ faculty. A Faculty Directory / Expertise Finder page exists at https://www.mahindrauniversity.edu.in/faculties/.,STATIC,SRC-W-02,https://www.mahindrauniversity.edu.in/,,,,QA008,Individual faculty records are not in the source (directory not extracted). | draft stability_tag: Changes each term
mu-000009,mu-000009,How many recruiters does Mahindra University have?,"The website gives different figures: the homepage shows 400+ recruiters, while the About Us page shows 100+ recruiters for the same statistic.",STATIC,SRC-W-02,https://www.mahindrauniversity.edu.in/,,,,QA009,"Conflict preserved, not resolved. | draft stability_tag: Changes each term"
mu-000010,mu-000010,What is Mahindra University's placement record?,"The homepage states 4000+ placements to date, 400+ companies and 250+ graduate acceptances for advanced study.",STATIC,SRC-W-02,https://www.mahindrauniversity.edu.in/,,,,QA010,draft stability_tag: Changes each term
mu-000011,mu-000011,What sets Mahindra University apart?,"Four differentiators are listed: global collaboration (partnerships with international institutions to co-design globally benchmarked programmes), interdisciplinary excellence (integrating engineering, management, law, design and the humanities), industry-aligned learning (internships, live projects and incubation opportunities), and research and societal impact (applied research, patents and partnerships).",STATIC,SRC-W-01,https://www.mahindrauniversity.edu.in/about-us/,,,,QA011,
mu-000012,mu-000012,What are Mahindra University's four pillars?,"Academic excellence, Student empowerment, Innovation ecosystem, and Inclusive excellence.",STATIC,SRC-W-01,https://www.mahindrauniversity.edu.in/about-us/,,,,QA012,
mu-000013,mu-000013,Who is the Chancellor of Mahindra University?,"Anand Mahindra, Chairman of the Mahindra Group, is the Chancellor.",STATIC,SRC-W-01,https://www.mahindrauniversity.edu.in/about-us/,,,,QA013,draft stability_tag: Changes each term
mu-000014,mu-000014,Who is the Vice-Chancellor of Mahindra University?,"Dr. Yajulu Medury is the Vice-Chancellor and founding vice-chancellor of Mahindra University, with over three decades of experience in higher education, research and institutional management.",STATIC,SRC-W-01,https://www.mahindrauniversity.edu.in/about-us/,,,,QA014,draft stability_tag: Changes each term
mu-000015,mu-000015,What leadership and governance pages does the Mahindra University website have?,"The site has pages for Founding team, Leadership, Governing Body, Board of Management and Academic Council.",STATIC,SRC-W-02,https://www.mahindrauniversity.edu.in/,,,,QA015,
mu-000016,mu-000016,How many global academic partners does Mahindra University have?,"The About Us page states 20+ global academic partners (exchanges, dual degrees, joint research) and 250+ graduate acceptances for advanced studies at universities worldwide.",STATIC,SRC-W-01; SRC-W-02,https://www.mahindrauniversity.edu.in/about-us/; https://www.mahindrauniversity.edu.in/,,,,QA016,draft stability_tag: Changes each term
mu-000017,mu-000017,What schools are part of Mahindra University?,Mahindra University has seven schools: Ecole Centrale School of Engineering; Indira Mahindra School of Education; School of Design Innovation; School of Digital Media and Communication; School of Hospitality Management; School of Law; School of Management.,STATIC,SRC-W-02,https://www.mahindrauniversity.edu.in/,,,,QA017,Answer keeps the source spelling 'Ecole' from MU-011; MU-012 spells it 'École'.
mu-000018,mu-000018,What programmes does the School of Law offer?,The source does not say. It lists the School of Law as one of the seven schools and notes that programme-to-school mapping is not stated on the pages accessed.,STATIC,SRC-W-02,https://www.mahindrauniversity.edu.in/,,,,QA018,Abstention-type answer: the source explicitly states the school-to-programme mapping is unavailable. Do not infer the mapping from programme names.
mu-000019,mu-000019,What centres does Mahindra University have?,Centre for Entrepreneurship and Innovation; Centre for Executive Education; Centre for Life Sciences; Centre for Sustainability; MU-VT Centre for Interdisciplinary Research in Transformative Technologies; Global Centre for Enterprise Risk Management; Bajaj Engineering Skills Training (BEST) Centre; and Centre for Language Learning and Development.,STATIC,SRC-W-02,https://www.mahindrauniversity.edu.in/,,,,QA019,
mu-000020,mu-000020,What is the Centre for Entrepreneurship and Innovation at Mahindra University?,"It is listed under Centres in the Academics menu. The homepage describes a Babson-partnered centre, a student-led E-Cell and a full incubation hub.",STATIC,SRC-W-02,https://www.mahindrauniversity.edu.in/,,,,QA020,
mu-000021,mu-000021,What is the Centre for Language Learning and Development?,"Mahindra University unveiled the Centre for Language Learning and Development and hosted an experiential storytelling workshop for teachers, according to a homepage news item.",STATIC,SRC-W-02,https://www.mahindrauniversity.edu.in/,,,,QA021,"Stability unclear: the only source is a homepage news item, so it is unclear whether this is a permanent centre description or a time-bound news fact. | draft stability_tag: Needs review"
mu-000022,mu-000022,How can I contact the Centre for Executive Education?,Executive Education is run by the Centre for Executive Education. Contact: executive.education@mahindrauniversity.edu.in; +91 9059538001.,STATIC,SRC-W-02; SRC-W-09,https://www.mahindrauniversity.edu.in/; https://www.mahindrauniversity.edu.in/contact-us/,,,,QA022,draft stability_tag: Changes each term
mu-000023,mu-000023,What executive and working professional programmes does Mahindra University offer?,"The source lists Executive Education (run by the Centre for Executive Education), Working Professional Programmes (listed under Admissions > Programmes), and a B.Tech in Civil Engineering for Working Professionals (listed among B.Tech specialisations).",STATIC,SRC-W-02; SRC-W-05,https://www.mahindrauniversity.edu.in/; https://www.mahindrauniversity.edu.in/programs/b-tech/,,,,QA023,
mu-000024,mu-000024,What undergraduate programmes does Mahindra University offer?,11 undergraduate programmes are listed: B.A. LL.B. (Honours); B.A. in Journalism & Mass Communication (BJMC); BBA; BBA in Entrepreneurship & Family Business; BBA LL.B. (Honours); B.Des; B.Tech; B.Tech in Computation & Media; B.Tech. - LL.B. (Honours); 4-year BBA (honours) in Hospitality Management; Bachelor of Architecture (B. Arch).,STATIC,SRC-W-03,https://www.mahindrauniversity.edu.in/under-graduate-programs/,,,,QA024,
mu-000025,mu-000025,What postgraduate programmes does Mahindra University offer?,11 postgraduate programmes are listed: 3 Years LL.B.; 5-year Integrated M.Tech in Biotechnology; M.A. in Education; M.A. in Journalism and Mass Communication; MBA; Masters in Design Innovation; M.Sc. Biotechnology (Biologics); M.Sc. by Research in Biotherapeutics; M.Tech; M.Tech in Biomedical Data Science; M.Tech in Sustainability.,STATIC,SRC-W-04,https://www.mahindrauniversity.edu.in/post-graduate-programs/,,,,QA025,
mu-000026,mu-000026,In which areas does Mahindra University offer Ph.D. programmes?,Ph.D. programmes are listed in eight areas: Engineering; Educational Studies; Business Administration; Life Sciences; Media and Communication; Law; Design Innovation; Humanities and Social Sciences.,STATIC,SRC-W-04,https://www.mahindrauniversity.edu.in/post-graduate-programs/,,,,QA026,
mu-000027,mu-000027,What is the B.Tech programme at Mahindra University?,"A 4-year (8-semester) residential B.Tech programme combining Ecole Centrale's curriculum, labs and industry connections, with the curriculum co-designed with Ecole Centrale, France. It is described as an engineering programme offering strong foundations and specialisation across core and emerging technology disciplines.",STATIC,SRC-W-05; SRC-W-03,https://www.mahindrauniversity.edu.in/programs/b-tech/; https://www.mahindrauniversity.edu.in/under-graduate-programs/,,,,QA027,
mu-000028,mu-000028,How is the B.Tech programme structured?,"The first two years are the Core Program and the last two years are the Professional Program with electives. The credit structure is: basic sciences 47, basic engineering 28, humanities/social/creative sciences 15, enterprise sciences 10. There is an international exchange programme with mandatory internships.",STATIC,SRC-W-05,https://www.mahindrauniversity.edu.in/programs/b-tech/,,,,QA028,
mu-000029,mu-000029,Is hostel stay mandatory for B.Tech students?,"Yes. B.Tech is described as a mandatory 100% residential programme, and hostel stay is mandatory.",STATIC,SRC-W-05; SRC-W-11; SRC-W-06,https://www.mahindrauniversity.edu.in/programs/b-tech/; https://www.mahindrauniversity.edu.in/residences/; https://www.mahindrauniversity.edu.in/programs/b-tech/fee-structure/,,,,QA029,
mu-000030,mu-000030,What B.Tech specialisations are listed at Mahindra University?,The B.Tech page lists: Civil Engineering for Working Professionals; VLSI Design & Technology; Nanotechnology; Mechatronics; Electronics & Communication Engineering; Data Science; Computational Biology; Civil Engineering; Biotechnology; Aerospace Engineering; Mechanical Engineering; Computation & Mathematics; Electronics & Computer Engineering; Artificial Intelligence; Computer Science Engineering.,STATIC,SRC-W-05,https://www.mahindrauniversity.edu.in/programs/b-tech/,,,,QA030,
mu-000031,mu-000031,What is the B.A. LL.B. (Honours) programme about?,B.A. LL.B. (Honours): An integrated law programme combining liberal arts education with rigorous legal training and critical thinking.,STATIC,SRC-W-03,https://www.mahindrauniversity.edu.in/under-graduate-programs/,,,,QA031,
mu-000032,mu-000032,What is the B.A. in Journalism & Mass Communication (BJMC) programme about?,"B.A. in Journalism & Mass Communication (BJMC): A practice-oriented programme that develops skills in journalism, media production, and digital communication.",STATIC,SRC-W-03,https://www.mahindrauniversity.edu.in/under-graduate-programs/,,,,QA032,
mu-000033,mu-000033,What is the BBA programme about?,"BBA: An undergraduate business programme focused on management fundamentals, digital fluency, and leadership development.",STATIC,SRC-W-03,https://www.mahindrauniversity.edu.in/under-graduate-programs/,,,,QA033,
mu-000034,mu-000034,What is the BBA in Entrepreneurship & Family Business programme about?,"BBA in Entrepreneurship & Family Business: A specialised business programme designed for building, managing, and scaling entrepreneurial and family-run enterprises.",STATIC,SRC-W-03,https://www.mahindrauniversity.edu.in/under-graduate-programs/,,,,QA034,
mu-000035,mu-000035,What is the BBA LL.B. (Honours) programme about?,"BBA LL.B. (Honours): An integrated programme blending business education with legal studies for careers at the intersection of law, policy, and management.",STATIC,SRC-W-03,https://www.mahindrauniversity.edu.in/under-graduate-programs/,,,,QA035,
mu-000036,mu-000036,What is the B. Des programme about?,"B. Des: A design programme focused on creative thinking, user-centred design, and problem-solving across physical and digital domains.",STATIC,SRC-W-03,https://www.mahindrauniversity.edu.in/under-graduate-programs/,,,,QA036,
mu-000037,mu-000037,What is the B.Tech in Computation & Media programme about?,"B.Tech in Computation & Media: An interdisciplinary programme integrating computing, media studies, and creative technologies.",STATIC,SRC-W-03,https://www.mahindrauniversity.edu.in/under-graduate-programs/,,,,QA037,
mu-000038,mu-000038,What is the B.Tech. - LL.B. (Honours) programme about?,"B.Tech. - LL.B. (Honours): An interdisciplinary programme combining engineering education with legal studies relevant to technology, policy and regulation.",STATIC,SRC-W-03,https://www.mahindrauniversity.edu.in/under-graduate-programs/,,,,QA038,
mu-000039,mu-000039,What is the 4-year BBA (honours) in Hospitality Management programme about?,"4-year BBA (honours) in Hospitality Management: A specialised honours programme focused on hospitality operations, service leadership and global industry practices.",STATIC,SRC-W-03,https://www.mahindrauniversity.edu.in/under-graduate-programs/,,,,QA039,
mu-000040,mu-000040,What is the Bachelor of Architecture (B. Arch) programme about?,Bachelor of Architecture (B. Arch) Programme: A five-year professional programme aligned with Council of Architecture (COA) guidelines.,STATIC,SRC-W-03,https://www.mahindrauniversity.edu.in/under-graduate-programs/,,,,QA040,
mu-000041,mu-000041,What is the 3 Years LL.B. programme about?,"3 Years LL.B.: A postgraduate law programme designed to build strong legal foundations, analytical reasoning and professional competence for diverse legal careers.",STATIC,SRC-W-04,https://www.mahindrauniversity.edu.in/post-graduate-programs/,,,,QA041,
mu-000042,mu-000042,What is the 5-year Integrated M.Tech in Biotechnology programme about?,5-year Integrated M.Tech in Biotechnology: An integrated programme combining undergraduate and postgraduate training to develop deep expertise in biotechnology and life sciences.,STATIC,SRC-W-04,https://www.mahindrauniversity.edu.in/post-graduate-programs/,,,,QA042,
mu-000043,mu-000043,What is the M.A. in Education programme about?,"M.A. in Education: A postgraduate programme focused on critical inquiry, educational research, and leadership across diverse learning contexts.",STATIC,SRC-W-04,https://www.mahindrauniversity.edu.in/post-graduate-programs/,,,,QA043,
mu-000044,mu-000044,What is the M.A. in Journalism and Mass Communication programme about?,"M.A. in Journalism and Mass Communication: Advanced study in journalism, media practice, and communication theory.",STATIC,SRC-W-04,https://www.mahindrauniversity.edu.in/post-graduate-programs/,,,,QA044,
mu-000045,mu-000045,What is the MBA programme about?,"MBA: A management programme focused on leadership, strategy and decision-making.",STATIC,SRC-W-04,https://www.mahindrauniversity.edu.in/post-graduate-programs/,,,,QA045,
mu-000046,mu-000046,What is the Masters in Design Innovation programme about?,"Masters in Design Innovation: An interdisciplinary postgraduate programme that applies design-led thinking to innovation, systems and complex real-world challenges.",STATIC,SRC-W-04,https://www.mahindrauniversity.edu.in/post-graduate-programs/,,,,QA046,
mu-000047,mu-000047,What is the M.Sc. Biotechnology (Biologics) programme about?,"M.Sc. Biotechnology (Biologics): A specialised programme focused on biologics, biopharmaceutical development and industry-aligned life sciences training.",STATIC,SRC-W-04,https://www.mahindrauniversity.edu.in/post-graduate-programs/,,,,QA047,
mu-000048,mu-000048,What is the M.Sc. by Research in Biotherapeutics programme about?,"M.Sc. by Research in Biotherapeutics: A research-intensive programme focused on discovery, development and manufacturing of advanced biotherapeutic products.",STATIC,SRC-W-04,https://www.mahindrauniversity.edu.in/post-graduate-programs/,,,,QA048,
mu-000049,mu-000049,What is the M.Tech programme about?,M.Tech: A postgraduate engineering programme offering advanced technical training and research exposure across specialised domains.,STATIC,SRC-W-04,https://www.mahindrauniversity.edu.in/post-graduate-programs/,,,,QA049,
mu-000050,mu-000050,What is the M.Tech in Biomedical Data Science programme about?,"M.Tech in Biomedical Data Science: An interdisciplinary programme integrating data science, computation, and biomedical research for healthcare and life science applications.",STATIC,SRC-W-04,https://www.mahindrauniversity.edu.in/post-graduate-programs/,,,,QA050,
mu-000051,mu-000051,What is the M.Tech in Sustainability programme about?,M.Tech in Sustainability: A programme that aims to prepare industry-ready professionals and researchers who can address global sustainability challenges.,STATIC,SRC-W-04,https://www.mahindrauniversity.edu.in/post-graduate-programs/,,,,QA051,
mu-000052,mu-000052,How can I apply to Mahindra University?,"Mahindra University announces admissions for 2026 in Undergraduate, Postgraduate and Ph.D. programmes. Applications are made through the online admissions portal: https://admission.mahindrauniversity.edu.in/ . Admissions email: admissions@mahindrauniversity.edu.in.",TERMLY,SRC-W-04,https://www.mahindrauniversity.edu.in/post-graduate-programs/,,,,QA052,draft stability_tag: Changes each term
mu-000053,mu-000053,How can I register for Mahindra University admissions information sessions?,Info sessions registration is at https://www.mahindrauniversity.edu.in/meet-us-infosessions/ .,TERMLY,SRC-W-04,https://www.mahindrauniversity.edu.in/post-graduate-programs/,,,,QA053,draft stability_tag: Changes each term
mu-000054,mu-000054,Which admission documents can I download from the Mahindra University website?,"Linked PDFs: B.Tech Admission Notification 2026-27, University brochure, Public Self-Disclosure, and Students Code of Conduct.",TERMLY,SRC-W-05,https://www.mahindrauniversity.edu.in/programs/b-tech/,,,,QA054,draft stability_tag: Changes each term
mu-000055,mu-000055,What is the B.Tech fee structure for Indian students?,"Academic fees Rs 5,00,000; hostel charges Rs 1,70,000; caution deposit Rs 20,000 (refundable at the end of study or graduation). All fees are subject to annual revision.",TERMLY,SRC-W-06,https://www.mahindrauniversity.edu.in/programs/b-tech/fee-structure/,,,,QA055,draft stability_tag: Changes each term
mu-000056,mu-000056,What is the B.Tech fee structure for PIO/NRI students?,"Academic fees USD 9,000; hostel charges USD 3,000; caution deposit USD 400 (refundable).",TERMLY,SRC-W-06,https://www.mahindrauniversity.edu.in/programs/b-tech/fee-structure/,,,,QA056,draft stability_tag: Changes each term
mu-000057,mu-000057,What hostel room options do B.Tech students have?,"First-year students are allotted triple-occupancy rooms. From the second year, double or triple occupancy may be opted for, subject to availability, with hostel fees per allotted type.",TERMLY,SRC-W-06,https://www.mahindrauniversity.edu.in/programs/b-tech/fee-structure/,,,,QA057,draft stability_tag: Changes each term
mu-000058,mu-000058,What are the B.Tech eligibility requirements for Indian students?,"Qualify in JEE (Main) 2026 and be eligible to write JEE Advanced 2026 (or top All India Rank in JEE Main), OR a valid SAT Subject Test score (including maths, physics, chemistry) of at least 1800, OR a valid SAT score of at least 800, OR a valid ACT composite score of at least 18. Students admitted through JEE/SAT/ACT need 60% or equivalent in 10+2 from any statutory board.",TERMLY,SRC-W-07,https://www.mahindrauniversity.edu.in/programs/b-tech/eligibility-criteria/,,,,QA058,draft stability_tag: Changes each term
mu-000059,mu-000059,What are the B.Tech eligibility requirements for PIO/NRI applicants?,10+2 or equivalent from any statutory board with 80% or equivalent grade (IB or other approved boards). Valid SAT scores are considered but not mandatory. Shortlisted candidates are followed by a panel interview.,TERMLY,SRC-W-07,https://www.mahindrauniversity.edu.in/programs/b-tech/eligibility-criteria/,,,,QA059,draft stability_tag: Changes each term
mu-000060,mu-000060,"Can I apply for biotechnology programmes with Physics, Chemistry and Biology in Class 12?","Yes for B.Tech in Biotechnology, B.Tech in Computational Biology and the 5-year Integrated M.Tech in Biotechnology: candidates who studied Physics, Chemistry and Biology in 12th grade are also eligible based on 12th grade PCB scores. Candidates applying via SAT/ACT undergo a technical and aptitude-based interview.",TERMLY,SRC-W-07,https://www.mahindrauniversity.edu.in/programs/b-tech/eligibility-criteria/,,,,QA060,draft stability_tag: Changes each term
mu-000061,mu-000061,Is Mathematics in Class 12 mandatory for BBA programmes?,"The source states that for BBA (Applied Economics & Finance) and BBA (Computational Business Analytics), Mathematics in 12th grade is mandatory.",TERMLY,SRC-W-07,https://www.mahindrauniversity.edu.in/programs/b-tech/eligibility-criteria/,,,,QA061,Answer limited to the two BBA variants named in the source. | draft stability_tag: Changes each term
mu-000062,mu-000062,What is the UGC Equivalence Certificate requirement?,"All UG applicants who completed Class 12 under IB, Cambridge or any other international curriculum must submit a UGC Equivalence Certificate by 30 August 2026, or admission is automatically cancelled.",TERMLY,SRC-W-07,https://www.mahindrauniversity.edu.in/programs/b-tech/eligibility-criteria/,,,,QA062,draft stability_tag: Changes each term
mu-000063,mu-000063,Which entrance exams does Mahindra University accept for B.Tech?,"JEE (Main), SAT (Subject/general) and ACT are accepted. For some specialisations (e.g. Biotechnology or integrated options) PCB scores may be required. Applicants via SAT/ACT, and for certain specialisations, undergo a technical and aptitude-based interview.",TERMLY,SRC-W-05,https://www.mahindrauniversity.edu.in/programs/b-tech/,,,,QA063,draft stability_tag: Changes each term
mu-000064,mu-000064,What scholarships are available for B.Tech students admitted through JEE Main?,"Under the Mahindra University RISE Scholars Programme: 98 percentile and above - 100% academic (tuition) fee waiver; 96-98 percentile - 50% academic fee waiver; 94-96 percentile - 100% hostel and mess fee waiver; 90-94 percentile - 25% academic fee waiver. Awarded at admission for the first year; to continue for the remaining 3 years, students must maintain a minimum GPA of 7.5 at the end of each academic year without backlogs. The University reserves the right to modify the policy.",TERMLY,SRC-W-06,https://www.mahindrauniversity.edu.in/programs/b-tech/fee-structure/,,,,QA064,draft stability_tag: Changes each term
mu-000065,mu-000065,Is there a merit scholarship for the 4-year BBA (Hons.) in Hospitality Management?,"Merit scholarships of up to 100% tuition fee waiver are shown for students with 90% and above in Class 12 (or equivalent), beside the 4-Year BBA (Hons.) in Hospitality Management in the 2026 admissions pop-up.",TERMLY,SRC-W-08,https://www.mahindrauniversity.edu.in/eateries/,,,,QA065,draft stability_tag: Changes each term
mu-000066,mu-000066,Where can I pay fees or find the academic calendar on the Mahindra University website?,"The site provides Pay Fees (https://www.mahindrauniversity.edu.in/pay-fee/), Academic Calendar (https://www.mahindrauniversity.edu.in/calendar/), Mandatory Disclosures (https://www.mahindrauniversity.edu.in/mandatory-disclosures/) and Policies (https://www.mahindrauniversity.edu.in/policies/) pages.",STATIC,SRC-W-02,https://www.mahindrauniversity.edu.in/,,,,QA066,draft stability_tag: Changes each term
mu-000067,mu-000067,How can I contact the Mahindra University admissions office?,Admission-related enquiries: admissions@mahindrauniversity.edu.in.,STATIC,SRC-W-09,https://www.mahindrauniversity.edu.in/contact-us/,,,,QA067,draft stability_tag: Changes each term
mu-000068,mu-000068,How can I contact MBA admissions?,MBA admissions: mba.admissions@mahindrauniversity.edu.in; +91-9963427036 / +91-9963476964.,STATIC,SRC-W-09,https://www.mahindrauniversity.edu.in/contact-us/,,,,QA068,draft stability_tag: Changes each term
mu-000069,mu-000069,How can I contact BBA or B.A. admissions?,BBA/B.A. admissions - South & West: +91 9553433789; North & East: +91 7318551441 and +91 981134637 (as displayed).,STATIC,SRC-W-09,https://www.mahindrauniversity.edu.in/contact-us/,,,,QA069,draft stability_tag: Changes each term
mu-000070,mu-000070,How can I contact the School of Law admissions?,School of Law admissions: +91 9154865736 and +91 9154865738.,STATIC,SRC-W-09,https://www.mahindrauniversity.edu.in/contact-us/,,,,QA070,draft stability_tag: Changes each term
mu-000071,mu-000071,How can I contact the Head of Marketing and Admissions?,"Rakesh Sreedharan, Head - Marketing and Admissions: rakesh.s@mahindrauniversity.edu.in; office landline 040-67135188.",STATIC,SRC-W-09,https://www.mahindrauniversity.edu.in/contact-us/,,,,QA071,"draft stability_tag: Changes each term | Personal mobile numbers removed 2026-09-23 (team rule: keep institutional/office numbers, drop individuals' personal numbers)"
mu-000072,mu-000072,Who are the regional admissions contacts?,"Regional admissions contacts: Ajay Mishra (Uttar Pradesh): ajay.mishra@mahindrauniversity.edu.in. Dibyendu Karmakar (West Bengal, North Eastern States, Odisha, Jharkhand, Chhattisgarh): dibyendu.karmakar@mahindrauniversity.edu.in. Abhinandan Kashyap (Delhi/NCR, Haryana, Punjab, Himachal Pradesh, Uttarakhand, Jammu & Kashmir): abhinandan.kashyap@mahindrauniversity.edu.in. For phone enquiries, use the university admissions lines.",STATIC,SRC-W-09,https://www.mahindrauniversity.edu.in/contact-us/,,,,QA072,"draft stability_tag: Changes each term | Personal mobile numbers removed 2026-09-23 (team rule: keep institutional/office numbers, drop individuals' personal numbers)"
mu-000073,mu-000073,How can I send career-related queries to Mahindra University?,Career-related queries can be sent to careers@mahindrauniversity.edu.in or 040-67135160.,STATIC,SRC-W-09,https://www.mahindrauniversity.edu.in/contact-us/,,,,QA073,draft stability_tag: Changes each term
mu-000074,mu-000074,How can I contact Mahindra University about branding enquiries?,Branding enquiries: branding@mahindrauniversity.edu.in.,STATIC,SRC-W-09,https://www.mahindrauniversity.edu.in/contact-us/,,,,QA074,draft stability_tag: Changes each term
mu-000075,mu-000075,What are Mahindra University's official social media channels?,"Facebook (MahindraUni), Twitter (MahindraUni), Instagram (mahindrauni), LinkedIn (Mahindra Ecole Centrale school page) and YouTube.",STATIC,SRC-W-02,https://www.mahindrauniversity.edu.in/,,,,QA075,
mu-000076,mu-000076,Where is the library?,"The library is the Vineet Nayyar Learning Resource Centre (VNLRC), located on the Mahindra University campus. The source gives no more specific location.",STATIC,SRC-W-10,https://www.mahindrauniversity.edu.in/library/,,,,QA076,
mu-000077,mu-000077,What is the Vineet Nayyar Learning Resource Centre?,"VNLRC is the central knowledge hub of the university, supporting students, research scholars, faculty and staff with printed and electronic resources and technology-enabled study spaces. Total area: 36,650 square feet.",STATIC,SRC-W-10,https://www.mahindrauniversity.edu.in/library/,,,,QA077,
mu-000078,mu-000078,How many books does the Mahindra University library have?,"The library holds 29,000+ books and journals across disciplines.",STATIC,SRC-W-10,https://www.mahindrauniversity.edu.in/library/,,,,QA078,draft stability_tag: Changes each term
mu-000079,mu-000079,What facilities are available at the library?,"Full RFID automation with KOHA integrated software supports self checkout and real-time catalogue access. Reading rooms, collaborative areas and quiet zones are available.",STATIC,SRC-W-10,https://www.mahindrauniversity.edu.in/library/,,,,QA079,
mu-000080,mu-000080,What are the library timings?,VNLRC: 8:00 AM-11:00 PM Monday-Friday; 9:00 AM-5:00 PM Saturday and Sunday (9:00 AM-11:00 PM on weekends during examination time). SOL: 9:00 AM-9:00 PM Monday-Friday; 9:00 AM-5:00 PM Saturday and Sunday (9:00 AM-9:00 PM on weekends during examination time).,STATIC,SRC-W-10,https://www.mahindrauniversity.edu.in/library/,,,,QA080,draft stability_tag: Changes each term
mu-000081,mu-000081,Can I search the library catalogue and access e-resources online?,"Yes. OPAC (Online Public Access Catalog) lets users search books, journals and e-resources: https://library.mahindrauniversity.edu.in/ . E-journals and databases are available 24/7 with remote access: https://mahindrauniversity.refread.com/",STATIC,SRC-W-10,https://www.mahindrauniversity.edu.in/library/,,,,QA081,
mu-000082,mu-000082,Does Mahindra University have on-campus hostels?,"Yes. It is a fully residential campus with on-campus student residences within walking distance of academic, recreational and dining facilities. Individual hostel or block names are not listed on the page. Hostel stay is mandatory for B.Tech students.",STATIC,SRC-W-11,https://www.mahindrauniversity.edu.in/residences/,,,,QA082,
mu-000083,mu-000083,Which hostels are on the Mahindra University campus?,"The website says there are on-campus student residences but does not list individual hostel or block names. The campus-map observations show labels for 'Hostels' (multiple hostel areas visible; numbering still to be verified), 'Hostel 5' and 'Hostel 1, 2, 3, 4'.",STATIC,SRC-W-11; SRC-M-01; SRC-M-02,https://www.mahindrauniversity.edu.in/residences/,,,,QA083,Multi-source. Stability marked for review because the map numbering is flagged 'numbering verify' in the source. | draft stability_tag: Needs review
mu-000084,mu-000084,What features and facilities do the student residences have?,"Furnished rooms; common areas for study, interaction and recreation; utilities and housekeeping support; internet connectivity; managed access and on-site supervision.",STATIC,SRC-W-11,https://www.mahindrauniversity.edu.in/residences/,,,,QA084,
mu-000085,mu-000085,What safety and wellbeing measures exist in the residences?,"Controlled access to residential areas, on-site residential staff and support teams, protocols for safety, health and conduct, and access to campus health and support services. A separate Campus Safety page exists: https://www.mahindrauniversity.edu.in/campus-safety/ .",STATIC,SRC-W-11,https://www.mahindrauniversity.edu.in/residences/,,,,QA085,
mu-000086,mu-000086,Are there residential guidelines and an orientation for new hostel residents?,"Yes. Residences operate under residential guidelines, and orientation programmes help new residents transition into campus living.",STATIC,SRC-W-11,https://www.mahindrauniversity.edu.in/residences/,,,,QA086,
mu-000087,mu-000087,What dining options are available for students on campus?,"The student mess provides regular meal services as part of the residential experience, in structured dining spaces designed for large student populations. Canteens and informal dining areas are positioned across the campus for quick meals and refreshments outside scheduled meal times.",STATIC,SRC-W-08,https://www.mahindrauniversity.edu.in/eateries/,,,,QA087,
mu-000088,mu-000088,Where is the student mess?,On campus; accessible from hostels and academic blocks. The source gives no more specific location.,STATIC,SRC-W-08,https://www.mahindrauniversity.edu.in/eateries/,,,,QA088,
mu-000089,mu-000089,Is there separate dining for guests and visiting faculty?,"Yes. Separate dining arrangements exist for visiting faculty, guests and institutional partners through designated hospitality facilities, including dining spaces associated with the university guesthouse.",STATIC,SRC-W-08,https://www.mahindrauniversity.edu.in/eateries/,,,,QA089,
mu-000090,mu-000090,Is there a guest house on the Mahindra University campus?,"Yes. The website mentions dining spaces associated with the university guesthouse, and the campus map has a 'Guest House' label and a wayfinding sign that reads 'left arrow, 5 min from sign'. The sources do not give a more specific location.",STATIC,SRC-W-08; SRC-M-01; SRC-M-02,https://www.mahindrauniversity.edu.in/eateries/,,,,QA090,Multi-source. Stability marked for review because the wayfinding part depends on the unrecorded sign position. | draft stability_tag: Needs review
mu-000091,mu-000091,What outdoor sports facilities are available on campus?,"Dedicated grounds and courts for football, cricket, basketball, volleyball and athletics.",STATIC,SRC-W-12,https://www.mahindrauniversity.edu.in/sports/,,,,QA091,
mu-000092,mu-000092,What indoor sports facilities are available on campus?,"Indoor facilities for badminton, table tennis, snooker and other recreational games.",STATIC,SRC-W-12,https://www.mahindrauniversity.edu.in/sports/,,,,QA092,
mu-000093,mu-000093,Does the campus have a gym?,"Yes, a gym with modern cardio and strength-training equipment.",STATIC,SRC-W-12,https://www.mahindrauniversity.edu.in/sports/,,,,QA093,
mu-000094,mu-000094,Does the campus have a swimming pool?,"Yes, a dedicated swimming pool for leisure and fitness swimming.",STATIC,SRC-W-12,https://www.mahindrauniversity.edu.in/sports/,,,,QA094,
mu-000095,mu-000095,Is there a jogging track on campus?,"Yes, a multi-lane jogging and fitness track for running, warm-ups and outdoor conditioning.",STATIC,SRC-W-12,https://www.mahindrauniversity.edu.in/sports/,,,,QA095,
mu-000096,mu-000096,Are there yoga or wellness programmes at Mahindra University?,"Yes. Regular yoga sessions, fitness programmes and wellness initiatives support mental health and stress management.",STATIC,SRC-W-12,https://www.mahindrauniversity.edu.in/sports/,,,,QA096,
mu-000097,mu-000097,Which sports clubs are there at Mahindra University?,"Active sports clubs: Football, Cricket, Badminton, Table tennis, Basketball, Volleyball, Tennis, Snooker. AIRO is the annual multi-sport event; students also join inter-university tournaments.",STATIC,SRC-W-12,https://www.mahindrauniversity.edu.in/sports/,,,,QA097,
mu-000098,mu-000098,What are the classrooms like at Mahindra University?,"Most teaching spaces have smart classroom technology (digital presentation, audio-visual support, interactive tools), flexible seating layouts, integrated projection and sound systems, and ergonomic comfort features. Smaller classrooms support seminar-style discussion; larger lecture halls accommodate cohort-based learning. Classrooms are described as accessible and inclusive, with support for blended and hybrid instruction.",STATIC,SRC-W-13,https://www.mahindrauniversity.edu.in/classrooms/,,,,QA098,
mu-000099,mu-000099,How many student clubs does Mahindra University have?,"The website gives different figures: the homepage states students engage in 75+ clubs, while the Student Clubs page meta description states 40+ student clubs and 48 entries are listed on that page.",STATIC,SRC-W-02,https://www.mahindrauniversity.edu.in/,,,,QA099,draft stability_tag: Changes each term
mu-000100,mu-000100,What is AeiForia - The Sustainability Club?,"AeiForia - The Sustainability Club: Promotes sustainable practices and environmental awareness on campus through drives, design projects and student campaigns.",STATIC,SRC-W-14,https://www.mahindrauniversity.edu.in/student-clubs/,,,,QA100,
mu-000101,mu-000101,What is Aether & AIRO Committees?,"Aether & AIRO Committees: Manage the university's annual techno-cultural festival (Aether) and sports festival (AIRO); students lead planning, creative direction, logistics and execution.",STATIC,SRC-W-14,https://www.mahindrauniversity.edu.in/student-clubs/,,,,QA101,
mu-000102,mu-000102,What is AIESEC at Mahindra University?,"AIESEC at Mahindra University: Connects MU students to a global youth network for leadership, exchange and service learning, including international internships and social impact projects.",STATIC,SRC-W-14,https://www.mahindrauniversity.edu.in/student-clubs/,,,,QA102,
mu-000103,mu-000103,What is Ambrosia - The Biology Club?,"Ambrosia - The Biology Club: Explores biology through experiments, workshops and field studies.",STATIC,SRC-W-14,https://www.mahindrauniversity.edu.in/student-clubs/,,,,QA103,
mu-000104,mu-000104,What is Amartya - The Finance Club?,"Amartya - The Finance Club: Studies how finance shapes innovation and enterprise through discussions, simulations and analysis.",STATIC,SRC-W-14,https://www.mahindrauniversity.edu.in/student-clubs/,,,,QA104,
mu-000105,mu-000105,What is Art Felt Club?,"Art Felt Club: A space for creative expression in art and design through workshops, exhibitions and collaborative projects.",STATIC,SRC-W-14,https://www.mahindrauniversity.edu.in/student-clubs/,,,,QA105,
mu-000106,mu-000106,What is ASCE Student Chapter?,ASCE Student Chapter: Engages civil engineering students in real-world design and infrastructure applications; promotes sustainable construction and professional growth.,STATIC,SRC-W-14,https://www.mahindrauniversity.edu.in/student-clubs/,,,,QA106,
mu-000107,mu-000107,What is AUV Club?,"AUV Club: Builds and tests autonomous underwater vehicles for research and competition, blending mechanical, electronic and software skills.",STATIC,SRC-W-14,https://www.mahindrauniversity.edu.in/student-clubs/,,,,QA107,
mu-000108,mu-000108,What is BAJA SAE Team?,BAJA SAE Team: Designs and fabricates off-road vehicles to compete in national SAE events.,STATIC,SRC-W-14,https://www.mahindrauniversity.edu.in/student-clubs/,,,,QA108,
mu-000109,mu-000109,What is Celeste - The Astronomy Club?,"Celeste - The Astronomy Club: Astronomy and astrophysics through observation, research and discussions, open to students from every discipline.",STATIC,SRC-W-14,https://www.mahindrauniversity.edu.in/student-clubs/,,,,QA109,
mu-000110,mu-000110,What is Coding Ninjas MU Chapter?,Coding Ninjas MU Chapter: Strengthens programming and problem-solving skills through coding challenges and mentorship.,STATIC,SRC-W-14,https://www.mahindrauniversity.edu.in/student-clubs/,,,,QA110,
mu-000111,mu-000111,What is Community Service Club (Outreach)?,"Community Service Club (Outreach): Education drives, environmental clean-ups and other student social-impact initiatives.",STATIC,SRC-W-14,https://www.mahindrauniversity.edu.in/student-clubs/,,,,QA111,
mu-000112,mu-000112,What is Cyber Security Club (Secret Garden)?,"Cyber Security Club (Secret Garden): Workshops, capture-the-flag challenges and discussions on ethical hacking and cybersecurity.",STATIC,SRC-W-14,https://www.mahindrauniversity.edu.in/student-clubs/,,,,QA112,
mu-000113,mu-000113,What is Dance Club - 8 Counts?,"Dance Club - 8 Counts: Diverse dance forms, from stage performances to cultural fests.",STATIC,SRC-W-14,https://www.mahindrauniversity.edu.in/student-clubs/,,,,QA113,
mu-000114,mu-000114,What is Debate & Literary Club (Erudite)?,"Debate & Literary Club (Erudite): Debates, readings and writing sessions to build clear thinking and confident speaking.",STATIC,SRC-W-14,https://www.mahindrauniversity.edu.in/student-clubs/,,,,QA114,
mu-000115,mu-000115,What is Echo - MU Monthly Newspaper?,"Echo - MU Monthly Newspaper: Documents university life through news, interviews and creative stories; builds journalistic, editorial and design skills.",STATIC,SRC-W-14,https://www.mahindrauniversity.edu.in/student-clubs/,,,,QA115,
mu-000116,mu-000116,What is Electronics & IoT Club (Lincoln Labs)?,"Electronics & IoT Club (Lincoln Labs): Members design embedded systems and IoT devices, building circuits and prototypes.",STATIC,SRC-W-14,https://www.mahindrauniversity.edu.in/student-clubs/,,,,QA116,
mu-000117,mu-000117,What is Entrepreneurship & Innovation Cell (EIC)?,"Entrepreneurship & Innovation Cell (EIC): Supports ideation, mentorship and startup incubation for students.",STATIC,SRC-W-14,https://www.mahindrauniversity.edu.in/student-clubs/,,,,QA117,
mu-000118,mu-000118,What is Enigma - Computer Science Club?,"Enigma - Computer Science Club: Hands-on learning in algorithms, data structures and software development through peer teaching and projects.",STATIC,SRC-W-14,https://www.mahindrauniversity.edu.in/student-clubs/,,,,QA118,
mu-000119,mu-000119,What is Evolve Club?,"Evolve Club: Focuses on mental wellness and personal growth through group activities, guided sessions and workshops.",STATIC,SRC-W-14,https://www.mahindrauniversity.edu.in/student-clubs/,,,,QA119,
mu-000120,mu-000120,What is Finance & Economics Society?,"Finance & Economics Society: Connects economic theory to financial practice through market analysis, policy discussions and case studies.",STATIC,SRC-W-14,https://www.mahindrauniversity.edu.in/student-clubs/,,,,QA120,
mu-000121,mu-000121,What is Gas Monkeys Racing?,Gas Monkeys Racing: Designs and builds performance vehicles for national engineering competitions.,STATIC,SRC-W-14,https://www.mahindrauniversity.edu.in/student-clubs/,,,,QA121,
mu-000122,mu-000122,What is Gender & Inclusion Forum - MU Athena?,"Gender & Inclusion Forum - MU Athena: Promotes diversity, equity and inclusion through awareness campaigns and discussions.",STATIC,SRC-W-14,https://www.mahindrauniversity.edu.in/student-clubs/,,,,QA122,
mu-000123,mu-000123,What is Haven - Animal Welfare Club?,"Haven - Animal Welfare Club: Advocates animal care through awareness, rescue drives, adoption camps and volunteer work.",STATIC,SRC-W-14,https://www.mahindrauniversity.edu.in/student-clubs/,,,,QA123,
mu-000124,mu-000124,What is ISB Technology Entrepreneurship Programme?,ISB Technology Entrepreneurship Programme: In partnership with the Indian School of Business; entrepreneurial leadership through experiential learning and mentorship in technology-driven ventures.,STATIC,SRC-W-14,https://www.mahindrauniversity.edu.in/student-clubs/,,,,QA124,
mu-000125,mu-000125,What is Kalakriti - Cultural Club?,"Kalakriti - Cultural Club: Music, dance, art and cultural exchange; performances and celebrations of Indian tradition.",STATIC,SRC-W-14,https://www.mahindrauniversity.edu.in/student-clubs/,,,,QA125,
mu-000126,mu-000126,What is Literary Society - The Erudite Club?,"Literary Society - The Erudite Club: Literature, debate and creative writing.",STATIC,SRC-W-14,https://www.mahindrauniversity.edu.in/student-clubs/,,,,QA126,
mu-000127,mu-000127,What is Management Consulting Group (MCG)?,Management Consulting Group (MCG): Simulates real consulting challenges to develop analytical and problem-solving abilities.,STATIC,SRC-W-14,https://www.mahindrauniversity.edu.in/student-clubs/,,,,QA127,
mu-000128,mu-000128,What is Marketing Club - Vipanan?,"Marketing Club - Vipanan: Strategy, branding and campaign design through competitions and marketing simulations.",STATIC,SRC-W-14,https://www.mahindrauniversity.edu.in/student-clubs/,,,,QA128,
mu-000129,mu-000129,What is Math Club?,"Math Club: Puzzles, proofs and discussions on mathematics.",STATIC,SRC-W-14,https://www.mahindrauniversity.edu.in/student-clubs/,,,,QA129,
mu-000130,mu-000130,What is Media Club?,"Media Club: Produces and curates visual content for campus events: photography, videography and digital storytelling.",STATIC,SRC-W-14,https://www.mahindrauniversity.edu.in/student-clubs/,,,,QA130,
mu-000131,mu-000131,What is Model United Nations (MU MUN)?,"Model United Nations (MU MUN): Simulates international diplomacy and negotiation; builds public speaking, research and negotiation skills.",STATIC,SRC-W-14,https://www.mahindrauniversity.edu.in/student-clubs/,,,,QA131,
mu-000132,mu-000132,What is NSS Unit (National Service Scheme)?,NSS Unit (National Service Scheme): Volunteerism and community service initiatives.,STATIC,SRC-W-14,https://www.mahindrauniversity.edu.in/student-clubs/,,,,QA132,
mu-000133,mu-000133,What is Orion Club - Aeronautics Society?,"Orion Club - Aeronautics Society: Designs and studies aircraft systems through applied research and projects (aerodynamics, propulsion, aerospace design).",STATIC,SRC-W-14,https://www.mahindrauniversity.edu.in/student-clubs/,,,,QA133,
mu-000134,mu-000134,What is Outreach & Social Impact Club?,"Outreach & Social Impact Club: Teaching, awareness and support programmes extending MU's community values beyond campus.",STATIC,SRC-W-14,https://www.mahindrauniversity.edu.in/student-clubs/,,,,QA134,
mu-000135,mu-000135,What is Palaestro - Fitness Club?,"Palaestro - Fitness Club: Group workouts, challenges and events promoting an active lifestyle.",STATIC,SRC-W-14,https://www.mahindrauniversity.edu.in/student-clubs/,,,,QA135,
mu-000136,mu-000136,What is Power Speakers Club?,Power Speakers Club: Public speaking and leadership workshops with feedback.,STATIC,SRC-W-14,https://www.mahindrauniversity.edu.in/student-clubs/,,,,QA136,
mu-000137,mu-000137,What is Roboverse - Robotics Club?,"Roboverse - Robotics Club: Designs and prototypes intelligent robotic systems integrating mechanics, electronics and AI.",STATIC,SRC-W-14,https://www.mahindrauniversity.edu.in/student-clubs/,,,,QA137,
mu-000138,mu-000138,What is SAE Aero Division?,SAE Aero Division: Aircraft design and testing for national-level competitions.,STATIC,SRC-W-14,https://www.mahindrauniversity.edu.in/student-clubs/,,,,QA138,
mu-000139,mu-000139,What is SAE BAJA Division?,"SAE BAJA Division: Designs, builds and races off-road vehicles for BAJA events.",STATIC,SRC-W-14,https://www.mahindrauniversity.edu.in/student-clubs/,,,,QA139,
mu-000140,mu-000140,What is Secret Garden - Cybersecurity Club?,Secret Garden - Cybersecurity Club: Training in ethical hacking and secure software design.,STATIC,SRC-W-14,https://www.mahindrauniversity.edu.in/student-clubs/,,,,QA140,
mu-000141,mu-000141,What is SPIC MACAY - MU Chapter?,SPIC MACAY - MU Chapter: Hosts classical music and art performances.,STATIC,SRC-W-14,https://www.mahindrauniversity.edu.in/student-clubs/,,,,QA141,
mu-000142,mu-000142,What is SRELP - Society for Research in Environmental Law & Policy?,"SRELP - Society for Research in Environmental Law & Policy: Combines law and sustainability through seminars, writing and policy research.",STATIC,SRC-W-14,https://www.mahindrauniversity.edu.in/student-clubs/,,,,QA142,
mu-000143,mu-000143,What is Synolo - Music Club?,Synolo - Music Club: Brings together singers and musicians to perform across genres.,STATIC,SRC-W-14,https://www.mahindrauniversity.edu.in/student-clubs/,,,,QA143,
mu-000144,mu-000144,What is TEDx Mahindra University?,"TEDx Mahindra University: Organises independently curated TEDx events; students learn curation, production and event management.",STATIC,SRC-W-14,https://www.mahindrauniversity.edu.in/student-clubs/,,,,QA144,
mu-000145,mu-000145,What is The Fashion Club - Voguenze?,"The Fashion Club - Voguenze: Designs, styles and showcases fashion as creative storytelling.",STATIC,SRC-W-14,https://www.mahindrauniversity.edu.in/student-clubs/,,,,QA145,
mu-000146,mu-000146,What is The Yoga Club?,The Yoga Club: Structured yoga sessions promoting physical and mental harmony.,STATIC,SRC-W-14,https://www.mahindrauniversity.edu.in/student-clubs/,,,,QA146,
mu-000147,mu-000147,What is Zenith Science Club?,"Zenith Science Club: Experimentation and inquiry across disciplines through demonstrations, outreach sessions and discussions.",STATIC,SRC-W-14,https://www.mahindrauniversity.edu.in/student-clubs/,,,,QA147,
mu-000148,mu-000148,What research figures does Mahindra University report?,"The homepage shows 1500+ publications in national and international peer-reviewed journals, 20+ active research areas and 15+ funded consultancy projects.",STATIC,SRC-W-02,https://www.mahindrauniversity.edu.in/,,,,QA148,draft stability_tag: Changes each term
mu-000149,mu-000149,What sections does the Research and Innovation part of the website have?,Research Labs; Publications & Patents; Research-based Consultancy; Sponsored Research Programmes; Research MoUs & Agreements; Advisory Council; Expertise Finder; Conferences; News & Press Releases.,STATIC,SRC-W-02,https://www.mahindrauniversity.edu.in/,,,,QA149,
mu-000150,mu-000150,What is ICETCI 2026?,"The Sixth International Conference on Emerging Techniques in Computational Intelligence. The homepage event card date is 19 Aug, and an Instagram post on the homepage gives the conference dates as 19-22 August 2026.",TERMLY,SRC-W-02,https://www.mahindrauniversity.edu.in/,,,,QA150,draft stability_tag: Changes each term
mu-000151,mu-000151,What is the Periodic Risk Tables event?,'Periodic Risk Tables: Toolkit for Developing Resilient Organisations' is an event about the Periodic Table of Enterprise Risks (PTER) and Periodic Risk Tables (PRTs). The homepage card date is 19 Jun.,TERMLY,SRC-W-02,https://www.mahindrauniversity.edu.in/,,,,QA151,draft stability_tag: Changes each term
mu-000152,mu-000152,What is the Full-day Workshop on Research Grant Writing?,A workshop by the MU-VT Interdisciplinary Advanced Research Center for Transformative Technologies (IARCT2) with Virginia Tech. The homepage card date is 27 Feb.,TERMLY,SRC-W-02,https://www.mahindrauniversity.edu.in/,,,,QA152,draft stability_tag: Changes each term
mu-000153,mu-000153,What is AIRO 2026?,Mahindra University's inter-collegiate sports fest. The homepage card date is 29 Jan.,TERMLY,SRC-W-02; SRC-W-14,https://www.mahindrauniversity.edu.in/; https://www.mahindrauniversity.edu.in/student-clubs/,,,,QA153,MU-116 describes AIRO as the annual sports festival managed by the Aether & AIRO Committees. | draft stability_tag: Changes each term
mu-000154,mu-000154,What is the Workshop on Trends in Modern Decision Making?,"The Workshop on Trends in Modern Decision Making: Applications of MCDM and Optimisation. The homepage card date is 15 Dec, while the card text mentions a 5-day event at Mahindra University, Hyderabad, from June 23-27, 2025 (the dates differ on the card).",TERMLY,SRC-W-02,https://www.mahindrauniversity.edu.in/,,,,QA154,draft stability_tag: Changes each term
mu-000155,mu-000155,What was the Amish Tripathi session at Mahindra University?,The Erudite - Literary and Debate Club hosted an evening of questions and answers with Amish Tripathi on mythology. The homepage card date is 1 Oct.,TERMLY,SRC-W-02,https://www.mahindrauniversity.edu.in/,,,,QA155,draft stability_tag: Changes each term
mu-000156,mu-000156,What is ICPEEV 2026?,"The IEEE IES technically co-sponsored first International Conference on Cyber Physical Systems, Power Electronics and Electric Vehicles - 2026.",TERMLY,SRC-W-02,https://www.mahindrauniversity.edu.in/,,,,QA156,draft stability_tag: Changes each term
mu-000157,mu-000157,What is the International Conference on Contemporary Communication and Secure Networks (CCSN)?,It is listed as an announcement on the Mahindra University homepage.,TERMLY,SRC-W-02,https://www.mahindrauniversity.edu.in/,,,,QA157,draft stability_tag: Changes each term
mu-000158,mu-000158,What is the Massey University partnership?,Mahindra University and Massey University celebrate a new partnership with a delegation visit to New Zealand.,STATIC,SRC-W-02,https://www.mahindrauniversity.edu.in/,,,,QA158,draft stability_tag: Changes each term
mu-000159,mu-000159,What was announced about M&M shares received as an endowment contribution?,Announcement about monetisation of M&M shares received as an endowment contribution.,STATIC,SRC-W-02,https://www.mahindrauniversity.edu.in/,,,,QA159,draft stability_tag: Changes each term
mu-000160,mu-000160,What contribution of M&M shares was announced by Anuradha and Anand Mahindra?,Announcement of a contribution of M&M shares by Anuradha and Anand Mahindra to Mahindra University.,STATIC,SRC-W-02,https://www.mahindrauniversity.edu.in/,,,,QA160,draft stability_tag: Changes each term
mu-000161,mu-000161,Who won the 2026 Sang Soo Lee Award from Optica?,Mahindra University's Bishnu Pal wins the 2026 Sang Soo Lee Award from Optica.,STATIC,SRC-W-02,https://www.mahindrauniversity.edu.in/,,,,QA161,draft stability_tag: Changes each term
mu-000162,mu-000162,What is Mahindra University's partnership with Boltzmann Labs?,Mahindra University partners with Boltzmann Labs to advance AI-driven life sciences research.,STATIC,SRC-W-02,https://www.mahindrauniversity.edu.in/,,,,QA162,draft stability_tag: Changes each term
mu-000163,mu-000163,Where is the École Centrale School of Engineering on campus?,"The campus map has a label for the École Centrale School of Engineering (spelling still to be verified) and a wayfinding sign that reads 'left arrow, 5 min from sign'. The website lists it as one of the seven schools but gives no location.",STATIC,SRC-M-01; SRC-M-02; SRC-W-02,https://www.mahindrauniversity.edu.in/,,,,QA163,Multi-source. Stability marked for review because the wayfinding part depends on the unrecorded sign position. | draft stability_tag: Needs review
mu-000164,mu-000164,Where is the Academic Block?,"The campus map has an 'Academic Block' label, and a wayfinding sign for it reads 'left arrow, 6 min from sign'. No other location detail is recorded.",STATIC,SRC-M-01; SRC-M-02,assets/campus_map_closeup.jpg; assets/campus_map_full_sign.jpg,,,,QA164,Stability marked for review because the wayfinding part depends on the unrecorded sign position. | draft stability_tag: Needs review
mu-000165,mu-000165,Where is the Vineet Nayyar Academic Block?,"The campus map has a 'Vineet Nayyar Academic Block' label, and a wayfinding sign for it reads 'left arrow, 9 min from sign'. No other location detail is recorded.",STATIC,SRC-M-01; SRC-M-02,assets/campus_map_closeup.jpg; assets/campus_map_full_sign.jpg,,,,QA165,Stability marked for review because the wayfinding part depends on the unrecorded sign position. | draft stability_tag: Needs review
mu-000166,mu-000166,Where is Hostel 5?,"A wayfinding sign for Hostel 5 on the campus map reads 'straight, 1 min from sign'. No other location detail is recorded.",STATIC,SRC-M-02,assets/campus_map_full_sign.jpg,,,,QA166,Stability marked for review because the wayfinding part depends on the unrecorded sign position. | draft stability_tag: Needs review
mu-000167,mu-000167,"Where are Hostels 1, 2, 3 and 4?","A wayfinding sign for 'Hostel 1, 2, 3, 4' on the campus map reads 'left arrow, 8 min from sign'. No other location detail is recorded.",STATIC,SRC-M-02,assets/campus_map_full_sign.jpg,,,,QA167,Stability marked for review because the wayfinding part depends on the unrecorded sign position. | draft stability_tag: Needs review
mu-000168,mu-000168,Is there a soccer field on the campus map?,"Yes. The campus map has a label for a 'Soccer Field'. No direction, distance or other location detail is recorded.",STATIC,SRC-M-01,assets/campus_map_closeup.jpg,,,,QA168,
mu-000169,mu-000169,Where is the Convention Centre?,"The campus map has a 'Convention Centre' label, and a wayfinding sign (spelled 'Convention Center') reads 'left arrow, 9 min from sign'. No other location detail is recorded.",STATIC,SRC-M-01; SRC-M-02,assets/campus_map_closeup.jpg; assets/campus_map_full_sign.jpg,,,,QA169,Stability marked for review because the wayfinding part depends on the unrecorded sign position. | draft stability_tag: Needs review
mu-000170,mu-000170,Is there an NCC office on campus?,The campus map has a label for an 'NCC Office'. No other detail is recorded.,STATIC,SRC-M-01,assets/campus_map_closeup.jpg,,,,QA170,
mu-000171,mu-000171,Is there an Infra Office on campus?,The campus map has a label for an 'Infra Office'. No other detail is recorded.,STATIC,SRC-M-01,assets/campus_map_closeup.jpg,,,,QA171,
mu-000172,mu-000172,Where is the Main Gate?,"A wayfinding sign for the Main Gate on the campus map reads 'left arrow, 7 min from sign'. No other location detail is recorded.",STATIC,SRC-M-02,assets/campus_map_full_sign.jpg,,,,QA172,Stability marked for review because the wayfinding part depends on the unrecorded sign position. | draft stability_tag: Needs review
mu-000173,mu-000173,Where is the Health Care Centre?,"A wayfinding sign for the Health Care Centre on the campus map reads 'straight, 1 min from sign'. No other location detail is recorded.",STATIC,SRC-M-02,assets/campus_map_full_sign.jpg,,,,QA173,Stability marked for review because the wayfinding part depends on the unrecorded sign position. | draft stability_tag: Needs review
mu-000174,mu-000174,How do I find the schools on the campus map?,"A wayfinding sign labelled 'Schools' on the campus map reads 'down arrow, 2 min from sign'. The sign does not name individual schools.",STATIC,SRC-M-02,assets/campus_map_full_sign.jpg,,,,QA174,Stability marked for review because the wayfinding part depends on the unrecorded sign position. | draft stability_tag: Needs review
mu-000175,mu-000175,What places are marked on the Mahindra University campus map?,"Labels: École Centrale School of Engineering, Academic Block, Vineet Nayyar Academic Block, Hostels, Guest House, Soccer Field, Convention Centre, NCC Office and Infra Office. Wayfinding signs: Main Gate, Health Care Centre, Hostel 5, Schools, Guest House, Academic Block, Convention Center, Vineet Nayyar Academic Block, École Centrale School of Engineering and Hostel 1, 2, 3, 4.",STATIC,SRC-M-01; SRC-M-02,assets/campus_map_closeup.jpg; assets/campus_map_full_sign.jpg,,,,QA175,
mu-000176,mu-000176,When does the Fall Semester 2026 begin at Mahindra University?,"The Fall Semester 2026 begins on Tuesday 4 August 2026 for the semester-system schools (ECSoE, SoL, IMSoE, SDMC, SoDI, SoHM). That day is also Registration Day for all batches except the incoming 2026 batch.",TERMLY,SRC-P-01,https://www.mahindrauniversity.edu.in/wp-content/uploads/2026/06/Academic-Calendar-2026-2027.pdf,2026-09-23,,,,Drafted by Claude from the PDF on 2026-09-23; verify every date against assets/Academic-Calendar-2026-2027.pdf
mu-000177,mu-000177,When do Fall Semester 2026 classes start?,Classes start on Wednesday 5 August 2026 for returning batches. The incoming 2026 batch starts classes on Friday 7 August 2026.,TERMLY,SRC-P-01,https://www.mahindrauniversity.edu.in/wp-content/uploads/2026/06/Academic-Calendar-2026-2027.pdf,2026-09-23,,,,Drafted by Claude from the PDF on 2026-09-23; verify every date against assets/Academic-Calendar-2026-2027.pdf
mu-000178,mu-000178,When is Registration Day for first-year students joining in 2026?,"Registration Day for the incoming 2026 batch is Thursday 6 August 2026, across all schools except the School of Management (SoM). SoM registered its batches on Monday 13 July 2026.",TERMLY,SRC-P-01,https://www.mahindrauniversity.edu.in/wp-content/uploads/2026/06/Academic-Calendar-2026-2027.pdf,2026-09-23,,,,Drafted by Claude from the PDF on 2026-09-23; verify every date against assets/Academic-Calendar-2026-2027.pdf
mu-000179,mu-000179,When are the Minor I exams in the Fall Semester 2026?,"Minor I exams for the Fall Semester run from Wednesday 9 to Saturday 12 September 2026, for ECSoE, IMSoE and SDMC as applicable.",TERMLY,SRC-P-01,https://www.mahindrauniversity.edu.in/wp-content/uploads/2026/06/Academic-Calendar-2026-2027.pdf,2026-09-23,,,,Drafted by Claude from the PDF on 2026-09-23; verify every date against assets/Academic-Calendar-2026-2027.pdf
mu-000180,mu-000180,"When are the Fall Semester 2026 mid-term exams for SoL, SoHM and SDMC?","Mid-term exams for SoL, SoHM and SDMC (as applicable) run from Monday 28 September to Thursday 1 October 2026.",TERMLY,SRC-P-01,https://www.mahindrauniversity.edu.in/wp-content/uploads/2026/06/Academic-Calendar-2026-2027.pdf,2026-09-23,,,,Drafted by Claude from the PDF on 2026-09-23; verify every date against assets/Academic-Calendar-2026-2027.pdf
mu-000181,mu-000181,When is the mid-semester break in the Fall Semester 2026?,"The Fall mid-semester break is Monday 19 to Friday 23 October 2026, for the semester-system schools (ECSoE, SoL, IMSoE, SDMC, SoDI, SoHM).",TERMLY,SRC-P-01,https://www.mahindrauniversity.edu.in/wp-content/uploads/2026/06/Academic-Calendar-2026-2027.pdf,2026-09-23,,,,Drafted by Claude from the PDF on 2026-09-23; verify every date against assets/Academic-Calendar-2026-2027.pdf
mu-000182,mu-000182,When are the Minor II exams in the Fall Semester 2026?,"Minor II exams for the Fall Semester run from Wednesday 28 to Saturday 31 October 2026, for ECSoE, IMSoE and SDMC as applicable.",TERMLY,SRC-P-01,https://www.mahindrauniversity.edu.in/wp-content/uploads/2026/06/Academic-Calendar-2026-2027.pdf,2026-09-23,,,,Drafted by Claude from the PDF on 2026-09-23; verify every date against assets/Academic-Calendar-2026-2027.pdf
mu-000183,mu-000183,When are the end-semester (major) exams for the Fall Semester 2026?,"Major and supplementary exams for the Fall Semester run from Friday 4 to Friday 18 December 2026, for the semester-system schools (ECSoE, SoL, IMSoE, SDMC, SoDI, SoHM).",TERMLY,SRC-P-01,https://www.mahindrauniversity.edu.in/wp-content/uploads/2026/06/Academic-Calendar-2026-2027.pdf,2026-09-23,,,,Drafted by Claude from the PDF on 2026-09-23; verify every date against assets/Academic-Calendar-2026-2027.pdf
mu-000184,mu-000184,When is the winter break after the Fall Semester 2026?,"The end-semester break for the semester-system schools (ECSoE, SoL, IMSoE, SDMC, SoDI, SoHM) runs from Saturday 19 December 2026 to Sunday 17 January 2027.",TERMLY,SRC-P-01,https://www.mahindrauniversity.edu.in/wp-content/uploads/2026/06/Academic-Calendar-2026-2027.pdf,2026-09-23,,,,Drafted by Claude from the PDF on 2026-09-23; verify every date against assets/Academic-Calendar-2026-2027.pdf | Source prints the end date as 'Sunday 17th January 2026'; 17 Jan 2027 is the Sunday and the break must end in 2027. Confirm when verifying.
mu-000185,mu-000185,When does the Spring Semester 2027 begin?,"The Spring Semester begins on Monday 18 January 2027 for the semester-system schools (ECSoE, SoL, IMSoE, SDMC, SoDI, SoHM), with Registration Day for all batches the same day. Classes begin on Tuesday 19 January 2027.",TERMLY,SRC-P-01,https://www.mahindrauniversity.edu.in/wp-content/uploads/2026/06/Academic-Calendar-2026-2027.pdf,2026-09-23,,,,Drafted by Claude from the PDF on 2026-09-23; verify every date against assets/Academic-Calendar-2026-2027.pdf
mu-000186,mu-000186,When are the Minor I exams in the Spring Semester 2027?,"Minor I exams for the Spring Semester run from Wednesday 24 to Saturday 27 February 2027, for ECSoE, IMSoE and SDMC as applicable.",TERMLY,SRC-P-01,https://www.mahindrauniversity.edu.in/wp-content/uploads/2026/06/Academic-Calendar-2026-2027.pdf,2026-09-23,,,,Drafted by Claude from the PDF on 2026-09-23; verify every date against assets/Academic-Calendar-2026-2027.pdf
mu-000187,mu-000187,"When are the Spring Semester 2027 mid-term exams for SoL, SoHM and SDMC?","Mid-term exams for SoL, SoHM and SDMC (as applicable) run from Monday 15 to Friday 19 March 2027.",TERMLY,SRC-P-01,https://www.mahindrauniversity.edu.in/wp-content/uploads/2026/06/Academic-Calendar-2026-2027.pdf,2026-09-23,,,,Drafted by Claude from the PDF on 2026-09-23; verify every date against assets/Academic-Calendar-2026-2027.pdf
mu-000188,mu-000188,When is the mid-semester break in the Spring Semester 2027?,"The Spring mid-semester break is Monday 22 to Friday 26 March 2027, for the semester-system schools (ECSoE, SoL, IMSoE, SDMC, SoDI, SoHM).",TERMLY,SRC-P-01,https://www.mahindrauniversity.edu.in/wp-content/uploads/2026/06/Academic-Calendar-2026-2027.pdf,2026-09-23,,,,Drafted by Claude from the PDF on 2026-09-23; verify every date against assets/Academic-Calendar-2026-2027.pdf
mu-000189,mu-000189,When are the Minor II exams in the Spring Semester 2027?,"Minor II exams for the Spring Semester run from Monday 12 to Saturday 17 April 2027, for ECSoE, IMSoE and SDMC as applicable.",TERMLY,SRC-P-01,https://www.mahindrauniversity.edu.in/wp-content/uploads/2026/06/Academic-Calendar-2026-2027.pdf,2026-09-23,,,,Drafted by Claude from the PDF on 2026-09-23; verify every date against assets/Academic-Calendar-2026-2027.pdf
mu-000190,mu-000190,When are the end-semester (major) exams for the Spring Semester 2027?,"Major and supplementary exams for the Spring Semester run from Monday 24 May to Saturday 5 June 2027, for the semester-system schools (ECSoE, SoL, IMSoE, SDMC, SoDI, SoHM).",TERMLY,SRC-P-01,https://www.mahindrauniversity.edu.in/wp-content/uploads/2026/06/Academic-Calendar-2026-2027.pdf,2026-09-23,,,,Drafted by Claude from the PDF on 2026-09-23; verify every date against assets/Academic-Calendar-2026-2027.pdf
mu-000191,mu-000191,When does the summer break start after the Spring Semester 2027?,"For the semester-system schools (ECSoE, SoL, IMSoE, SDMC, SoDI, SoHM), the end-semester break starts on Sunday 6 June 2027 and lasts until the start of the next academic year.",TERMLY,SRC-P-01,https://www.mahindrauniversity.edu.in/wp-content/uploads/2026/06/Academic-Calendar-2026-2027.pdf,2026-09-23,,,,Drafted by Claude from the PDF on 2026-09-23; verify every date against assets/Academic-Calendar-2026-2027.pdf
mu-000192,mu-000192,When does the first trimester of 2026-27 begin for the School of Management?,"The School of Management's 1st Trimester begins on Monday 13 July 2026, which is also Registration Day for all SoM batches. Classes begin on Tuesday 14 July 2026.",TERMLY,SRC-P-01,https://www.mahindrauniversity.edu.in/wp-content/uploads/2026/06/Academic-Calendar-2026-2027.pdf,2026-09-23,,,,Drafted by Claude from the PDF on 2026-09-23; verify every date against assets/Academic-Calendar-2026-2027.pdf
mu-000193,mu-000193,When are the School of Management's Trimester 1 mid-term exams in 2026?,SoM mid-term exams for the 1st Trimester run from Thursday 20 to Saturday 22 August 2026.,TERMLY,SRC-P-01,https://www.mahindrauniversity.edu.in/wp-content/uploads/2026/06/Academic-Calendar-2026-2027.pdf,2026-09-23,,,,Drafted by Claude from the PDF on 2026-09-23; verify every date against assets/Academic-Calendar-2026-2027.pdf
mu-000194,mu-000194,When are the School of Management's Trimester 1 end-term exams in 2026?,SoM end-term exams for the 1st Trimester run from Saturday 26 to Wednesday 30 September 2026.,TERMLY,SRC-P-01,https://www.mahindrauniversity.edu.in/wp-content/uploads/2026/06/Academic-Calendar-2026-2027.pdf,2026-09-23,,,,Drafted by Claude from the PDF on 2026-09-23; verify every date against assets/Academic-Calendar-2026-2027.pdf
mu-000195,mu-000195,When is the break after Trimester 1 for the School of Management in 2026?,The SoM break after the 1st Trimester runs from Thursday 1 to Sunday 4 October 2026.,TERMLY,SRC-P-01,https://www.mahindrauniversity.edu.in/wp-content/uploads/2026/06/Academic-Calendar-2026-2027.pdf,2026-09-23,,,,Drafted by Claude from the PDF on 2026-09-23; verify every date against assets/Academic-Calendar-2026-2027.pdf | Source prints the start as '01st October 20260'; read as 2026.
mu-000196,mu-000196,When does the second trimester of 2026-27 begin for the School of Management?,The SoM 2nd Trimester begins on Monday 5 October 2026. Registration for all SoM batches and the first classes are on the same day.,TERMLY,SRC-P-01,https://www.mahindrauniversity.edu.in/wp-content/uploads/2026/06/Academic-Calendar-2026-2027.pdf,2026-09-23,,,,Drafted by Claude from the PDF on 2026-09-23; verify every date against assets/Academic-Calendar-2026-2027.pdf
mu-000197,mu-000197,When are the School of Management's Trimester 2 mid-term exams?,SoM mid-term exams for the 2nd Trimester run from Thursday 19 to Saturday 21 November 2026.,TERMLY,SRC-P-01,https://www.mahindrauniversity.edu.in/wp-content/uploads/2026/06/Academic-Calendar-2026-2027.pdf,2026-09-23,,,,Drafted by Claude from the PDF on 2026-09-23; verify every date against assets/Academic-Calendar-2026-2027.pdf | Source omits the year on both dates; 2026 fits the sequence and the weekdays.
mu-000198,mu-000198,When are the School of Management's Trimester 2 end-term exams?,SoM end-term exams for the 2nd Trimester run from Saturday 26 to Wednesday 30 December 2026.,TERMLY,SRC-P-01,https://www.mahindrauniversity.edu.in/wp-content/uploads/2026/06/Academic-Calendar-2026-2027.pdf,2026-09-23,,,,Drafted by Claude from the PDF on 2026-09-23; verify every date against assets/Academic-Calendar-2026-2027.pdf
mu-000199,mu-000199,When is the break after Trimester 2 for the School of Management?,The SoM break after the 2nd Trimester runs from Thursday 31 December 2026 to Sunday 17 January 2027.,TERMLY,SRC-P-01,https://www.mahindrauniversity.edu.in/wp-content/uploads/2026/06/Academic-Calendar-2026-2027.pdf,2026-09-23,,,,Drafted by Claude from the PDF on 2026-09-23; verify every date against assets/Academic-Calendar-2026-2027.pdf
mu-000200,mu-000200,When does the third trimester of 2026-27 begin for the School of Management?,"The SoM 3rd Trimester begins on Monday 18 January 2027, with Registration Day for all batches. Classes begin on Tuesday 19 January 2027.",TERMLY,SRC-P-01,https://www.mahindrauniversity.edu.in/wp-content/uploads/2026/06/Academic-Calendar-2026-2027.pdf,2026-09-23,,,,Drafted by Claude from the PDF on 2026-09-23; verify every date against assets/Academic-Calendar-2026-2027.pdf
mu-000201,mu-000201,When are the School of Management's Trimester 3 mid-term exams?,SoM mid-term exams for the 3rd Trimester run from Thursday 25 to Saturday 27 February 2027.,TERMLY,SRC-P-01,https://www.mahindrauniversity.edu.in/wp-content/uploads/2026/06/Academic-Calendar-2026-2027.pdf,2026-09-23,,,,Drafted by Claude from the PDF on 2026-09-23; verify every date against assets/Academic-Calendar-2026-2027.pdf
mu-000202,mu-000202,When are the School of Management's Trimester 3 end-term exams?,SoM end-term exams for the 3rd Trimester run from Monday 5 to Friday 9 April 2027.,TERMLY,SRC-P-01,https://www.mahindrauniversity.edu.in/wp-content/uploads/2026/06/Academic-Calendar-2026-2027.pdf,2026-09-23,,,,Drafted by Claude from the PDF on 2026-09-23; verify every date against assets/Academic-Calendar-2026-2027.pdf
mu-000203,mu-000203,When are the School of Management's supplementary exams in 2027?,SoM supplementary exams run from Saturday 10 to Friday 16 April 2027. The 3rd Trimester break then starts on Saturday 17 April 2027 and lasts until the next academic year.,TERMLY,SRC-P-01,https://www.mahindrauniversity.edu.in/wp-content/uploads/2026/06/Academic-Calendar-2026-2027.pdf,2026-09-23,,,,Drafted by Claude from the PDF on 2026-09-23; verify every date against assets/Academic-Calendar-2026-2027.pdf | Source omits the year on the end date; 16 April 2027 is a Friday.
mu-000204,mu-000204,When is Convocation 2026 at Mahindra University?,Convocation 2026 is on Sunday 2 August 2026.,TERMLY,SRC-P-01,https://www.mahindrauniversity.edu.in/wp-content/uploads/2026/06/Academic-Calendar-2026-2027.pdf,2026-09-23,,,,Drafted by Claude from the PDF on 2026-09-23; verify every date against assets/Academic-Calendar-2026-2027.pdf
mu-000205,mu-000205,Does the School of Management follow semesters or trimesters?,"The School of Management (SoM) follows a trimester system, with mid-term and end-term exams in each trimester. ECSoE, SoL, IMSoE, SDMC, SoDI and SoHM follow a semester system with minor, mid-term and end-term exams as applicable.",STATIC,SRC-P-01,https://www.mahindrauniversity.edu.in/wp-content/uploads/2026/06/Academic-Calendar-2026-2027.pdf,2026-09-23,,,,Drafted by Claude from the PDF on 2026-09-23; verify every date against assets/Academic-Calendar-2026-2027.pdf
mu-000206,mu-000206,What are the university holidays in the Fall Semester 2026?,"Holidays in 2026 are: Independence Day (Sat 15 August), Janmashtami (Fri 4 September), Ganesh Chaturthi (Mon 14 September), Gandhi Jayanthi (Fri 2 October), Dussehra (Tue 20 October), Diwali (Sun 8 and Mon 9 November), Guru Nanak Jayanthi (Tue 24 November) and Christmas (Fri 25 December).",TERMLY,SRC-P-01,https://www.mahindrauniversity.edu.in/wp-content/uploads/2026/06/Academic-Calendar-2026-2027.pdf,2026-09-23,,,,Drafted by Claude from the PDF on 2026-09-23; verify every date against assets/Academic-Calendar-2026-2027.pdf
mu-000207,mu-000207,What are the university holidays in the Spring Semester 2027?,"Holidays in 2027 are: New Year's Day (Fri 1 January), Makar Sankranti (Fri 15 January), Republic Day (Tue 26 January), Maha Shivaratri (Sat 6 March), Eid (Wed 10 March), Holi (Mon 22 March), Good Friday (Fri 26 March), Ugadi (Wed 7 April), Ambedkar Jayanthi (Wed 14 April) and Rama Navami (Thu 15 April).",TERMLY,SRC-P-01,https://www.mahindrauniversity.edu.in/wp-content/uploads/2026/06/Academic-Calendar-2026-2027.pdf,2026-09-23,,,,Drafted by Claude from the PDF on 2026-09-23; verify every date against assets/Academic-Calendar-2026-2027.pdf
mu-000208,mu-000208,Is Independence Day a holiday at Mahindra University in 2026-27?,Yes. Independence Day is a university holiday on Saturday 15 August 2026.,TERMLY,SRC-P-01,https://www.mahindrauniversity.edu.in/wp-content/uploads/2026/06/Academic-Calendar-2026-2027.pdf,2026-09-23,,,,Drafted by Claude from the PDF on 2026-09-23; verify every date against assets/Academic-Calendar-2026-2027.pdf
mu-000209,mu-000209,Is Janmashtami a holiday at Mahindra University in 2026-27?,Yes. Janmashtami is a university holiday on Friday 4 September 2026.,TERMLY,SRC-P-01,https://www.mahindrauniversity.edu.in/wp-content/uploads/2026/06/Academic-Calendar-2026-2027.pdf,2026-09-23,,,,Drafted by Claude from the PDF on 2026-09-23; verify every date against assets/Academic-Calendar-2026-2027.pdf
mu-000210,mu-000210,Is Ganesh Chaturthi a holiday at Mahindra University in 2026-27?,Yes. Ganesh Chaturthi is a university holiday on Monday 14 September 2026.,TERMLY,SRC-P-01,https://www.mahindrauniversity.edu.in/wp-content/uploads/2026/06/Academic-Calendar-2026-2027.pdf,2026-09-23,,,,Drafted by Claude from the PDF on 2026-09-23; verify every date against assets/Academic-Calendar-2026-2027.pdf
mu-000211,mu-000211,Is Mahatma Gandhi Jayanthi a holiday at Mahindra University in 2026-27?,Yes. Mahatma Gandhi Jayanthi is a university holiday on Friday 2 October 2026.,TERMLY,SRC-P-01,https://www.mahindrauniversity.edu.in/wp-content/uploads/2026/06/Academic-Calendar-2026-2027.pdf,2026-09-23,,,,Drafted by Claude from the PDF on 2026-09-23; verify every date against assets/Academic-Calendar-2026-2027.pdf
mu-000212,mu-000212,Is Dussehra a holiday at Mahindra University in 2026-27?,Yes. Dussehra is a university holiday on Tuesday 20 October 2026.,TERMLY,SRC-P-01,https://www.mahindrauniversity.edu.in/wp-content/uploads/2026/06/Academic-Calendar-2026-2027.pdf,2026-09-23,,,,Drafted by Claude from the PDF on 2026-09-23; verify every date against assets/Academic-Calendar-2026-2027.pdf
mu-000213,mu-000213,Is Diwali a holiday at Mahindra University in 2026-27?,Yes. Diwali is a university holiday on Sunday 8 and Monday 9 November 2026.,TERMLY,SRC-P-01,https://www.mahindrauniversity.edu.in/wp-content/uploads/2026/06/Academic-Calendar-2026-2027.pdf,2026-09-23,,,,Drafted by Claude from the PDF on 2026-09-23; verify every date against assets/Academic-Calendar-2026-2027.pdf
mu-000214,mu-000214,Is Guru Nanak Jayanthi a holiday at Mahindra University in 2026-27?,Yes. Guru Nanak Jayanthi is a university holiday on Tuesday 24 November 2026.,TERMLY,SRC-P-01,https://www.mahindrauniversity.edu.in/wp-content/uploads/2026/06/Academic-Calendar-2026-2027.pdf,2026-09-23,,,,Drafted by Claude from the PDF on 2026-09-23; verify every date against assets/Academic-Calendar-2026-2027.pdf
mu-000215,mu-000215,Is Christmas a holiday at Mahindra University in 2026-27?,Yes. Christmas is a university holiday on Friday 25 December 2026.,TERMLY,SRC-P-01,https://www.mahindrauniversity.edu.in/wp-content/uploads/2026/06/Academic-Calendar-2026-2027.pdf,2026-09-23,,,,Drafted by Claude from the PDF on 2026-09-23; verify every date against assets/Academic-Calendar-2026-2027.pdf
mu-000216,mu-000216,Is New Year's Day a holiday at Mahindra University in 2026-27?,Yes. New Year's Day is a university holiday on Friday 1 January 2027.,TERMLY,SRC-P-01,https://www.mahindrauniversity.edu.in/wp-content/uploads/2026/06/Academic-Calendar-2026-2027.pdf,2026-09-23,,,,Drafted by Claude from the PDF on 2026-09-23; verify every date against assets/Academic-Calendar-2026-2027.pdf
mu-000217,mu-000217,Is Makar Sankranti a holiday at Mahindra University in 2026-27?,Yes. Makar Sankranti is a university holiday on Friday 15 January 2027.,TERMLY,SRC-P-01,https://www.mahindrauniversity.edu.in/wp-content/uploads/2026/06/Academic-Calendar-2026-2027.pdf,2026-09-23,,,,Drafted by Claude from the PDF on 2026-09-23; verify every date against assets/Academic-Calendar-2026-2027.pdf
mu-000218,mu-000218,Is Republic Day a holiday at Mahindra University in 2026-27?,Yes. Republic Day is a university holiday on Tuesday 26 January 2027.,TERMLY,SRC-P-01,https://www.mahindrauniversity.edu.in/wp-content/uploads/2026/06/Academic-Calendar-2026-2027.pdf,2026-09-23,,,,Drafted by Claude from the PDF on 2026-09-23; verify every date against assets/Academic-Calendar-2026-2027.pdf
mu-000219,mu-000219,Is Maha Shivaratri a holiday at Mahindra University in 2026-27?,Yes. Maha Shivaratri is a university holiday on Saturday 6 March 2027.,TERMLY,SRC-P-01,https://www.mahindrauniversity.edu.in/wp-content/uploads/2026/06/Academic-Calendar-2026-2027.pdf,2026-09-23,,,,Drafted by Claude from the PDF on 2026-09-23; verify every date against assets/Academic-Calendar-2026-2027.pdf
mu-000220,mu-000220,Is Eid a holiday at Mahindra University in 2026-27?,Yes. Eid is a university holiday on Wednesday 10 March 2027.,TERMLY,SRC-P-01,https://www.mahindrauniversity.edu.in/wp-content/uploads/2026/06/Academic-Calendar-2026-2027.pdf,2026-09-23,,,,Drafted by Claude from the PDF on 2026-09-23; verify every date against assets/Academic-Calendar-2026-2027.pdf
mu-000221,mu-000221,Is Holi a holiday at Mahindra University in 2026-27?,Yes. Holi is a university holiday on Monday 22 March 2027.,TERMLY,SRC-P-01,https://www.mahindrauniversity.edu.in/wp-content/uploads/2026/06/Academic-Calendar-2026-2027.pdf,2026-09-23,,,,Drafted by Claude from the PDF on 2026-09-23; verify every date against assets/Academic-Calendar-2026-2027.pdf
mu-000222,mu-000222,Is Good Friday a holiday at Mahindra University in 2026-27?,Yes. Good Friday is a university holiday on Friday 26 March 2027.,TERMLY,SRC-P-01,https://www.mahindrauniversity.edu.in/wp-content/uploads/2026/06/Academic-Calendar-2026-2027.pdf,2026-09-23,,,,Drafted by Claude from the PDF on 2026-09-23; verify every date against assets/Academic-Calendar-2026-2027.pdf
mu-000223,mu-000223,Is Ugadi a holiday at Mahindra University in 2026-27?,Yes. Ugadi is a university holiday on Wednesday 7 April 2027.,TERMLY,SRC-P-01,https://www.mahindrauniversity.edu.in/wp-content/uploads/2026/06/Academic-Calendar-2026-2027.pdf,2026-09-23,,,,Drafted by Claude from the PDF on 2026-09-23; verify every date against assets/Academic-Calendar-2026-2027.pdf
mu-000224,mu-000224,Is Ambedkar Jayanthi a holiday at Mahindra University in 2026-27?,Yes. Ambedkar Jayanthi is a university holiday on Wednesday 14 April 2027.,TERMLY,SRC-P-01,https://www.mahindrauniversity.edu.in/wp-content/uploads/2026/06/Academic-Calendar-2026-2027.pdf,2026-09-23,,,,Drafted by Claude from the PDF on 2026-09-23; verify every date against assets/Academic-Calendar-2026-2027.pdf
mu-000225,mu-000225,Is Rama Navami a holiday at Mahindra University in 2026-27?,Yes. Rama Navami is a university holiday on Thursday 15 April 2027.,TERMLY,SRC-P-01,https://www.mahindrauniversity.edu.in/wp-content/uploads/2026/06/Academic-Calendar-2026-2027.pdf,2026-09-23,,,,Drafted by Claude from the PDF on 2026-09-23; verify every date against assets/Academic-Calendar-2026-2027.pdf
